,School_ID,NAME_OF_SCHOOL,ZIP_Code,"Elementary, Middle, or High School",HEALTHY_SCHOOL_CERTIFIED,Safety_Icon,SAFETY_SCORE,Environment_Icon,Environment_Score,Instruction_Icon,Instruction_Score,Leaders_Icon,Leaders_Score,Teachers_Icon,Teachers_Score,Parent_Engagement_Icon,Parent_Engagement_Score,AVERAGE_STUDENT_ATTENDANCE,Rate_of_Misconducts__per_100_students_,Average_Teacher_Attendance,Graduation_Rate__,College_Enrollment_Rate__,COMMUNITY_AREA_NUMBER_S,COMMUNITY_AREA_NAME,CA,PERCENT_OF_HOUSING_CROWDED,PERCENT_HOUSEHOLDS_BELOW_POVERTY,PERCENT_AGED_16__UNEMPLOYED,PERCENT_AGED_25__WITHOUT_HIGH_SCHOOL_DIPLOMA,PERCENT_AGED_UNDER_18_OR_OVER_64,PER_CAPITA_INCOME,HARDSHIP_INDEX,ARRESTED_CASES,COMMUNITY_AREA_NUMBER
0,609859,DeWitt Clinton Elementary School,60659,ES,No,Average,47.0,Average,47.0,Average,52.0,Weak,41,Weak,36,NDA,NDA,95.30%,14.8,95.40%,NDA,NDA,2,WEST RIDGE,2,7.8,17.2,8.8,20.8,38.5,23040,46,2.0,2
1,610038,Abraham Lincoln Elementary School,60614,ES,Yes,Very Strong,99.0,Strong,74.0,Strong,66.0,Weak,65,Strong,70,Strong,56,96.00%,2.0,96.40%,NDA,NDA,7,LINCOLN PARK,7,0.8,12.3,5.1,3.6,21.5,71551,2,3.0,7
2,610281,Adam Clayton Powell Paideia Community Academy Elementary School,60649,ES,No,Average,54.0,Strong,74.0,Very Strong,84.0,Weak,63,Strong,76,Weak,46,95.60%,15.7,95.30%,NDA,NDA,43,SOUTH SHORE,43,2.8,31.1,20.0,14.0,35.7,19398,55,2.0,43
3,610185,Adlai E Stevenson Elementary School,60652,ES,No,Strong,61.0,Average,50.0,Weak,36.0,Weak,NDA,NDA,NDA,Average,47,95.70%,2.3,94.70%,NDA,NDA,70,ASHBURN,70,4.0,10.4,11.7,17.7,36.9,23482,37,4.0,70
4,609993,Agustin Lara Elementary Academy,60609,ES,No,Average,56.0,Average,45.0,Weak,37.0,Weak,65,Average,48,Average,53,95.50%,10.4,95.80%,NDA,NDA,61,NEW CITY,61,11.9,29.0,23.0,41.5,38.9,12765,91,4.0,61
5,610212,Albany Park Multicultural Academy,60625,MS,No,Strong,66.0,Strong,66.0,Strong,71.0,Weak,43,Average,50,Weak,46,97.00%,2.3,96.90%,NDA,NDA,14,ALBANY PARK,14,11.3,19.2,10.0,32.9,32.0,21323,53,1.0,14
6,609720,Albert G Lane Technical High School,60618,HS,No,Very Strong,88.0,Strong,62.0,Average,52.0,Weak,NDA,NDA,NDA,NDA,NDA,96.30%,2.1,96.20%,92.2,79.8,5,NORTH CENTER,5,0.3,7.5,5.2,4.5,26.2,57123,6,2.0,5
7,610342,Albert R Sabin Elementary Magnet School,60622,ES,No,Strong,67.0,Weak,30.0,Very Weak,18.0,Weak,NDA,NDA,NDA,NDA,NDA,94.70%,28.1,95.00%,NDA,NDA,24,WEST TOWN,24,2.3,14.7,6.6,12.9,21.7,43198,10,3.0,24
8,610524,Alcott High School for the Humanities,60618,HS,No,Strong,70.0,Strong,67.0,Average,51.0,Weak,NDA,NDA,NDA,Strong,57,92.70%,7.1,96.90%,NDA,NDA,5,NORTH CENTER,5,0.3,7.5,5.2,4.5,26.2,57123,6,2.0,5
9,610209,Alessandro Volta Elementary School,60625,ES,No,Average,43.0,Weak,28.0,Weak,37.0,Weak,62,Average,56,Average,51,96.40%,22.5,95.90%,NDA,NDA,14,ALBANY PARK,14,11.3,19.2,10.0,32.9,32.0,21323,53,1.0,14
10,609799,Alexander Graham Bell Elementary School,60618,ES,No,Very Strong,99.0,Strong,64.0,Average,46.0,Weak,51,Average,51,NDA,NDA,96.30%,6.3,95.90%,NDA,NDA,5,NORTH CENTER,5,0.3,7.5,5.2,4.5,26.2,57123,6,2.0,5
11,609947,Alexander Graham Elementary School,60609,ES,No,Average,49.0,Weak,31.0,Weak,33.0,Weak,30,Average,41,Average,48,92.50%,27.4,95.00%,NDA,NDA,61,NEW CITY,61,11.9,29.0,23.0,41.5,38.9,12765,91,4.0,61
12,609963,Alexander Hamilton Elementary School,60657,ES,No,Strong,73.0,Strong,60.0,Average,59.0,Weak,59,Average,48,Strong,57,95.30%,12.5,97.40%,NDA,NDA,6,LAKE VIEW,6,1.1,11.4,4.7,2.6,17.0,60058,5,3.0,6
13,610210,Alexander von Humboldt Elementary School,60622,ES,No,Weak,31.0,Weak,32.0,Average,45.0,Weak,NDA,NDA,NDA,Weak,43,92.50%,185.5,96.00%,NDA,NDA,24,WEST TOWN,24,2.3,14.7,6.6,12.9,21.7,43198,10,3.0,24
14,609808,Alex Haley Elementary Academy,60628,ES,No,Weak,28.0,Average,58.0,Strong,60.0,Weak,NDA,NDA,NDA,Average,47,94.90%,2.9,94.70%,NDA,NDA,49,ROSELAND,49,2.5,19.8,20.3,16.9,41.2,17949,52,2.0,49
15,610028,Alfred David Kohn Elementary School,60628,ES,No,Very Weak,19.0,Weak,22.0,Very Weak,13.0,Weak,21,Very Weak,19,Average,47,90.10%,31.2,94.20%,NDA,NDA,49,ROSELAND,49,2.5,19.8,20.3,16.9,41.2,17949,52,2.0,49
16,610098,Alfred Nobel Elementary School,60651,ES,No,Weak,37.0,Weak,37.0,Weak,35.0,Weak,48,Weak,36,Average,48,94.60%,24.8,95.20%,NDA,NDA,23,HUMBOLDT PARK,23,14.8,33.9,17.3,35.4,38.0,13781,85,7.0,23
17,610334,Al Raby High School,60624,HS,No,Average,52.0,Average,51.0,Average,53.0,Weak,NDA,NDA,NDA,NDA,NDA,80.30%,14.0,95.10%,72.2,64.2,27,EAST GARFIELD PARK,27,8.2,42.4,19.6,21.3,43.2,12961,83,3.0,27
18,610131,Ambrose Plamondon Elementary School,60608,ES,No,Average,45.0,Weak,32.0,Weak,28.0,Weak,NDA,NDA,NDA,Weak,45,96.90%,0.6,96.60%,NDA,NDA,29,NORTH LAWNDALE,29,7.4,43.1,21.2,27.6,42.7,12034,87,6.0,29
19,610316,Amelia Earhart Options for Knowledge Elementary School,60617,ES,No,Very Strong,81.0,Strong,60.0,Strong,73.0,Weak,34,Average,54,NDA,NDA,96.30%,33.4,95.40%,NDA,NDA,48,CALUMET HEIGHTS,48,2.1,11.5,20.0,11.0,44.0,28887,38,2.0,48
20,609780,Ames Middle School,60647,MS,No,Weak,38.0,Weak,27.0,Weak,35.0,Weak,26,Weak,26,Average,50,94.30%,5.3,96.00%,NDA,NDA,22,LOGAN SQUARE,22,3.2,16.8,8.2,14.8,26.2,31908,23,2.0,22
21,610339,Amos Alonzo Stagg Elementary School,60621,ES,No,Weak,23.0,Weak,35.0,Average,42.0,Weak,25,Average,42,Weak,44,91.40%,34.3,95.50%,NDA,NDA,68,ENGLEWOOD,68,3.8,46.6,28.0,28.5,42.5,11888,94,4.0,68
22,610320,Ana Roque de Duprey Elementary School,60622,ES,Yes,Average,57.0,Very Weak,12.0,Very Weak,14.0,Weak,NDA,NDA,NDA,Average,53,95.40%,77.5,95.60%,NDA,NDA,24,WEST TOWN,24,2.3,14.7,6.6,12.9,21.7,43198,10,3.0,24
23,609837,Andrew Carnegie Elementary School,60637,ES,No,Average,48.0,Weak,37.0,Strong,63.0,Weak,42,Weak,31,Average,49,94.60%,6.2,94.40%,NDA,NDA,42,WOODLAWN,42,2.9,30.7,23.4,16.5,36.1,18672,58,4.0,42
24,610060,Andrew Jackson Elementary Language Academy,60607,ES,No,Very Strong,86.0,Average,57.0,Average,46.0,Weak,NDA,NDA,NDA,NDA,NDA,97.40%,0.7,96.10%,NDA,NDA,28,NEAR WEST SIDE,28,3.8,20.6,10.7,9.6,22.2,44689,15,4.0,28
25,609869,Anna R. Langford Community Academy,60636,ES,No,Weak,31.0,Average,54.0,Weak,32.0,Weak,49,Average,50,Average,53,91.80%,29.0,95.40%,NDA,NDA,67,WEST ENGLEWOOD,67,4.8,34.4,35.9,26.3,40.7,11317,89,3.0,67
26,610229,A.N. Pritzker School,60622,ES,No,Average,59.0,Average,58.0,Strong,61.0,Weak,NDA,NDA,NDA,NDA,NDA,94.60%,36.5,95.60%,NDA,NDA,24,WEST TOWN,24,2.3,14.7,6.6,12.9,21.7,43198,10,3.0,24
27,610277,Anthony Overton Elementary School,60615,ES,No,Weak,32.0,Strong,64.0,Strong,76.0,Weak,NDA,NDA,NDA,Average,52,90.50%,24.9,94.90%,NDA,NDA,38,GRAND BOULEVARD,38,3.3,29.3,24.3,15.9,39.5,23472,57,2.0,38
28,610161,Arna Wendell Bontemps Elementary School,60636,ES,No,Weak,33.0,Average,48.0,Average,59.0,Weak,NDA,NDA,NDA,Average,53,94.20%,31.2,95.80%,NDA,NDA,67,WEST ENGLEWOOD,67,4.8,34.4,35.9,26.3,40.7,11317,89,3.0,67
29,610171,Arnold Mireles Elementary Academy,60617,ES,No,Weak,27.0,Average,43.0,Average,54.0,Weak,NDA,NDA,NDA,Average,48,92.80%,11.8,95.20%,NDA,NDA,46,SOUTH CHICAGO,46,4.7,29.8,19.7,26.6,41.1,16579,75,3.0,46
30,610037,Arthur A Libby Elementary School,60609,ES,No,Weak,36.0,Strong,60.0,Strong,60.0,Weak,NDA,NDA,NDA,Average,48,90.80%,21.6,95.10%,NDA,NDA,61,NEW CITY,61,11.9,29.0,23.0,41.5,38.9,12765,91,4.0,61
31,609887,Arthur Dixon Elementary School,60619,ES,No,Average,47.0,Average,47.0,Average,52.0,Weak,NDA,NDA,NDA,NDA,NDA,94.80%,32.2,95.60%,NDA,NDA,44,CHATHAM,44,3.3,27.8,24.0,14.5,40.3,18881,60,1.0,44
32,610268,Arthur R Ashe Elementary School,60619,ES,No,NDA,,NDA,,NDA,,Weak,NDA,NDA,NDA,Weak,39,87.90%,41.6,93.40%,NDA,NDA,44,CHATHAM,44,3.3,27.8,24.0,14.5,40.3,18881,60,1.0,44
33,609941,Asa Philip Randolph Elementary School,60636,ES,No,Very Weak,15.0,Average,41.0,Average,48.0,Weak,NDA,NDA,NDA,Weak,45,92.10%,43.5,95.30%,NDA,NDA,67,WEST ENGLEWOOD,67,4.8,34.4,35.9,26.3,40.7,11317,89,3.0,67
34,610287,Ashburn Community Elementary School,60652,ES,No,Average,48.0,Average,52.0,Average,40.0,Weak,68,Strong,70,Average,51,95.50%,28.5,97.10%,NDA,NDA,70,ASHBURN,70,4.0,10.4,11.7,17.7,36.9,23482,37,4.0,70
35,609820,Augustus H Burley Elementary School,60657,ES,No,Very Strong,99.0,Strong,78.0,Strong,65.0,Weak,NDA,NDA,NDA,Strong,59,96.50%,0.7,95.00%,NDA,NDA,6,LAKE VIEW,6,1.1,11.4,4.7,2.6,17.0,60058,5,3.0,6
36,400018,Austin Business and Entrepreneurship Academy High School,60644,HS,No,Weak,38.0,Average,41.0,Weak,33.0,Weak,NDA,NDA,NDA,NDA,NDA,76.00%,12.4,0.00%,65.6,51.3,25,AUSTIN,25,6.3,28.6,22.6,24.4,37.9,15957,73,11.0,25
37,610169,Austin O Sexton Elementary School,60637,ES,No,Weak,23.0,Weak,38.0,Weak,34.0,Weak,NDA,NDA,NDA,Weak,46,90.50%,8.6,94.10%,NDA,NDA,42,WOODLAWN,42,2.9,30.7,23.4,16.5,36.1,18672,58,4.0,42
38,610501,Austin Polytechnical Academy High School,60644,HS,No,Weak,38.0,Average,45.0,Average,53.0,Weak,NDA,NDA,NDA,NDA,NDA,70.10%,21.5,95.20%,NDA,NDA,25,AUSTIN,25,6.3,28.6,22.6,24.4,37.9,15957,73,11.0,25
39,609922,Belmont-Cragin Elementary School,60639,ES,No,Strong,75.0,Strong,67.0,Strong,66.0,Weak,45,Average,53,Strong,55,95.30%,1.3,96.80%,NDA,NDA,19,BELMONT CRAGIN,19,10.8,18.7,14.6,37.3,37.3,15461,70,1.0,19
40,609764,Benito Juarez Community Academy High School,60608,HS,No,Average,46.0,Average,44.0,Average,45.0,Weak,49,Average,48,NDA,NDA,83.70%,17.2,95.80%,56.2,48.8,31,LOWER WEST SIDE,31,9.6,25.8,15.8,40.7,32.6,16444,76,3.0,31
41,610265,Benjamin Banneker Elementary School,60621,ES,No,Weak,36.0,Weak,35.0,Average,58.0,Weak,NDA,NDA,NDA,NDA,NDA,91.30%,26.9,93.90%,NDA,NDA,68,ENGLEWOOD,68,3.8,46.6,28.0,28.5,42.5,11888,94,4.0,68
42,610290,Benjamin E Mays Elementary Academy,60621,ES,No,Weak,27.0,Average,55.0,Average,48.0,Weak,41,Weak,37,NDA,NDA,95.50%,0.3,96.60%,NDA,NDA,68,ENGLEWOOD,68,3.8,46.6,28.0,28.5,42.5,11888,94,4.0,68
43,610076,Bernhard Moos Elementary School,60647,ES,No,Average,50.0,Average,47.0,Weak,32.0,Weak,34,Weak,31,NDA,NDA,93.00%,45.5,96.30%,NDA,NDA,24,WEST TOWN,24,2.3,14.7,6.6,12.9,21.7,43198,10,3.0,24
44,610106,Brian Piccolo Elementary Specialty School,60651,ES,No,Weak,27.0,Weak,29.0,Weak,31.0,Weak,NDA,NDA,NDA,NDA,NDA,90.60%,65.8,95.00%,NDA,NDA,23,HUMBOLDT PARK,23,14.8,33.9,17.3,35.4,38.0,13781,85,7.0,23
45,610317,Brighton Park Elementary School,60632,ES,No,Average,55.0,Average,49.0,Average,43.0,Weak,NDA,NDA,NDA,NDA,NDA,96.30%,2.6,95.90%,NDA,NDA,58,BRIGHTON PARK,58,14.4,23.6,13.9,45.1,39.3,13089,84,4.0,58
46,610381,Bronzeville Scholastic Academy High School,60615,HS,No,Average,41.0,Average,42.0,Average,43.0,Weak,32,Very Weak,15,Average,51,92.30%,16.2,95.60%,85.3,73.2,38,GRAND BOULEVARD,38,3.3,29.3,24.3,15.9,39.5,23472,57,2.0,38
47,609821,Burnham Elementary Inclusive Academy,60617,ES,No,Strong,61.0,Very Strong,85.0,Very Strong,99.0,Weak,65,Strong,71,Strong,54,95.50%,29.4,96.90%,NDA,NDA,51,SOUTH DEERING,51,4.0,29.2,16.3,21.0,39.5,14685,65,2.0,51
48,609827,Burnside Elementary Scholastic Academy,60619,ES,No,Average,51.0,Average,58.0,Strong,70.0,Weak,NDA,NDA,NDA,Average,48,94.90%,8.9,94.90%,NDA,NDA,44,CHATHAM,44,3.3,27.8,24.0,14.5,40.3,18881,60,1.0,44
49,610353,Calmeca Academy of Fine Arts and Dual Language,60632,ES,Yes,Average,58.0,Average,59.0,Strong,72.0,Weak,64,Average,55,Average,51,96.50%,1.9,96.90%,NDA,NDA,58,BRIGHTON PARK,58,14.4,23.6,13.9,45.1,39.3,13089,84,4.0,58
50,609729,Carl Schurz High School,60641,HS,No,Average,48.0,Weak,36.0,Weak,29.0,Weak,30,Weak,31,NDA,NDA,81.20%,13.8,96.00%,62.1,40.4,16,IRVING PARK,16,6.3,13.1,10.0,22.4,31.6,27249,34,1.0,16
51,610238,Carrie Jacobs Bond Elementary School,60621,ES,No,Average,54.0,Strong,67.0,Strong,63.0,Weak,39,Weak,32,Average,53,91.70%,18.8,94.30%,NDA,NDA,68,ENGLEWOOD,68,3.8,46.6,28.0,28.5,42.5,11888,94,4.0,68
52,609839,Carroll-Rosenwald Specialty Elementary School,60652,ES,No,Weak,35.0,Very Weak,12.0,Very Weak,12.0,Weak,NDA,NDA,NDA,Average,48,94.80%,27.8,95.60%,NDA,NDA,70,ASHBURN,70,4.0,10.4,11.7,17.7,36.9,23482,37,4.0,70
53,610345,Carter G Woodson South Elementary School,60653,ES,No,Weak,26.0,Very Weak,2.0,Very Weak,1.0,Weak,30,Average,41,Weak,44,91.90%,70.5,94.70%,NDA,NDA,38,GRAND BOULEVARD,38,3.3,29.3,24.3,15.9,39.5,23472,57,2.0,38
54,610148,Cesar E Chavez Multicultural Academic Center Elementary School,60609,ES,No,Average,54.0,Strong,63.0,Average,52.0,Weak,57,Average,50,Weak,45,95.10%,11.1,96.10%,NDA,NDA,61,NEW CITY,61,11.9,29.0,23.0,41.5,38.9,12765,91,4.0,61
55,609679,Charles Allen Prosser Career Academy High School,60639,HS,No,Average,59.0,Average,53.0,Average,51.0,Weak,37,Average,44,Weak,46,86.00%,9.7,94.40%,78.7,58,19,BELMONT CRAGIN,19,10.8,18.7,14.6,37.3,37.3,15461,70,1.0,19
56,610005,Charles Evans Hughes Elementary School,60623,ES,No,Average,42.0,Very Strong,82.0,Strong,72.0,Weak,NDA,NDA,NDA,NDA,NDA,94.40%,0.0,94.70%,NDA,NDA,29,NORTH LAWNDALE,29,7.4,43.1,21.2,27.6,42.7,12034,87,6.0,29
57,609879,Charles Gates Dawes Elementary School,60652,ES,No,Average,44.0,Weak,27.0,Weak,30.0,Weak,60,Average,54,Average,50,95.70%,35.6,95.60%,NDA,NDA,70,ASHBURN,70,4.0,10.4,11.7,17.7,36.9,23482,37,4.0,70
58,609966,Charles G Hammond Elementary School,60623,ES,No,Average,40.0,Average,41.0,Average,43.0,Weak,NDA,NDA,NDA,Weak,43,95.30%,8.5,95.20%,NDA,NDA,30,SOUTH LAWNDALE,30,15.2,30.7,15.8,54.8,33.8,10402,96,1.0,30
59,609732,Charles P Steinmetz Academic Centre High School,60634,HS,No,Weak,26.0,Weak,29.0,Weak,34.0,Weak,36,Weak,32,NDA,NDA,79.20%,30.4,96.20%,56.7,47,19,BELMONT CRAGIN,19,10.8,18.7,14.6,37.3,37.3,15461,70,1.0,19
60,609875,Charles R Darwin Elementary School,60647,ES,No,Average,58.0,Average,44.0,Weak,34.0,Weak,31,Average,46,Average,49,95.60%,33.8,96.20%,NDA,NDA,22,LOGAN SQUARE,22,3.2,16.8,8.2,14.8,26.2,31908,23,2.0,22
61,609986,Charles R Henderson Elementary School,60636,ES,No,Very Weak,16.0,Weak,32.0,Weak,38.0,Weak,NDA,NDA,NDA,Weak,46,89.20%,80.6,93.60%,NDA,NDA,67,WEST ENGLEWOOD,67,4.8,34.4,35.9,26.3,40.7,11317,89,3.0,67
62,609813,Charles S Brownell Elementary School,60637,ES,No,Weak,20.0,Strong,79.0,Very Strong,82.0,Weak,20,Very Weak,19,Average,48,92.80%,14.1,95.50%,NDA,NDA,69,GREATER GRAND CROSSING,69,3.6,29.6,23.0,16.5,41.0,17285,66,4.0,69
63,609883,Charles S Deneen Elementary School,60619,ES,No,Average,55.0,Average,49.0,Average,51.0,Weak,15,Average,49,NDA,NDA,93.80%,39.5,97.10%,NDA,NDA,69,GREATER GRAND CROSSING,69,3.6,29.6,23.0,16.5,41.0,17285,66,4.0,69
64,610194,Charles Sumner  Math & Science Community Acad Elementary School,60624,ES,No,Average,41.0,Average,44.0,Average,48.0,Weak,30,Weak,34,Average,48,93.90%,12.3,96.90%,NDA,NDA,26,WEST GARFIELD PARK,26,9.4,41.7,25.8,24.5,43.6,10934,92,4.0,26
65,609897,Charles W Earle Elementary School,60636,ES,No,Weak,24.0,Strong,62.0,Strong,71.0,Weak,NDA,NDA,NDA,Average,53,93.80%,16.9,94.60%,NDA,NDA,67,WEST ENGLEWOOD,67,4.8,34.4,35.9,26.3,40.7,11317,89,3.0,67
66,609754,Chicago Military Academy High School,60653,HS,No,Weak,32.0,Weak,23.0,Weak,35.0,Weak,NDA,NDA,NDA,NDA,NDA,90.30%,28.2,95.60%,83.6,69.3,35,DOUGLAS,35,1.8,29.6,18.2,14.3,30.7,23791,47,3.0,35
67,609705,Christian Fenger Academy High School,60628,HS,No,Weak,36.0,Average,41.0,Weak,32.0,Weak,46,Average,42,NDA,NDA,74.40%,49.8,95.40%,34.8,36.7,49,ROSELAND,49,2.5,19.8,20.3,16.9,41.2,17949,52,2.0,49
68,609863,Christopher Columbus Elementary School,60622,ES,No,Strong,66.0,Average,57.0,Average,55.0,Weak,NDA,NDA,NDA,Strong,54,95.50%,2.4,96.90%,NDA,NDA,24,WEST TOWN,24,2.3,14.7,6.6,12.9,21.7,43198,10,3.0,24
69,609790,Clara Barton Elementary School,60620,ES,No,Weak,25.0,Weak,28.0,Weak,34.0,Weak,77,Average,59,Average,51,91.70%,25.3,96.40%,NDA,NDA,71,AUBURN GRESHAM,71,4.0,27.6,28.3,18.5,41.9,15528,74,3.0,71
70,610347,Claremont Academy Elementary School,60636,ES,No,Weak,36.0,Average,50.0,Average,51.0,Weak,62,Average,59,Weak,46,92.50%,64.2,96.20%,NDA,NDA,66,CHICAGO LAWN,66,7.6,27.9,17.1,31.2,40.6,13231,80,6.0,66
71,610499,Collins Academy High School,60623,HS,No,Strong,60.0,Average,51.0,Average,46.0,Weak,47,Average,48,Strong,54,91.40%,2.9,96.60%,NDA,NDA,29,NORTH LAWNDALE,29,7.4,43.1,21.2,27.6,42.7,12034,87,6.0,29
72,610170,Columbia Explorers Elementary Academy,60632,ES,No,Average,59.0,Average,59.0,Strong,63.0,Weak,65,Strong,72,Average,52,95.40%,8.9,97.10%,NDA,NDA,58,BRIGHTON PARK,58,14.4,23.6,13.9,45.1,39.3,13089,84,4.0,58
73,610004,Countee Cullen Elementary School,60628,ES,No,Very Weak,14.0,Weak,28.0,Weak,34.0,Weak,NDA,NDA,NDA,NDA,NDA,94.10%,36.9,96.30%,NDA,NDA,49,ROSELAND,49,2.5,19.8,20.3,16.9,41.2,17949,52,2.0,49
74,609781,Crispus Attucks Elementary School,60609,ES,No,Average,45.0,Strong,64.0,Average,57.0,Weak,81,Very Strong,85,NDA,NDA,95.20%,12.5,93.50%,NDA,NDA,38,GRAND BOULEVARD,38,3.3,29.3,24.3,15.9,39.5,23472,57,2.0,38
75,609873,Crown Community Academy of Fine Arts Center Elementary School,60623,ES,No,Weak,27.0,Average,51.0,Average,52.0,Weak,45,Weak,31,Average,49,92.50%,100.5,96.70%,NDA,NDA,29,NORTH LAWNDALE,29,7.4,43.1,21.2,27.6,42.7,12034,87,6.0,29
76,610063,Cyrus H McCormick Elementary School,60623,ES,Yes,NDA,,NDA,,NDA,,Weak,61,Average,54,Average,52,95.90%,4.7,95.90%,NDA,NDA,30,SOUTH LAWNDALE,30,15.2,30.7,15.8,54.8,33.8,10402,96,1.0,30
77,609804,Daniel Boone Elementary School,60645,ES,No,Average,52.0,Average,47.0,Average,48.0,Weak,45,Average,53,Average,50,95.50%,10.5,95.40%,NDA,NDA,2,WEST RIDGE,2,7.8,17.2,8.8,20.8,38.5,23040,46,2.0,2
78,610380,Daniel Hale Williams Prep School of Medicine,60615,HS,No,Average,50.0,Average,45.0,Average,54.0,Weak,NDA,NDA,NDA,NDA,NDA,91.30%,5.4,96.70%,NDA,NDA,38,GRAND BOULEVARD,38,3.3,29.3,24.3,15.9,39.5,23472,57,2.0,38
79,609870,Daniel J Corkery Elementary School,60623,ES,No,Weak,39.0,Weak,31.0,Weak,29.0,Weak,NDA,NDA,NDA,NDA,NDA,94.70%,18.1,97.20%,NDA,NDA,30,SOUTH LAWNDALE,30,15.2,30.7,15.8,54.8,33.8,10402,96,1.0,30
80,609835,Daniel R Cameron Elementary School,60651,ES,No,Average,42.0,Average,49.0,Average,50.0,Weak,NDA,NDA,NDA,Weak,46,92.60%,153.9,96.20%,NDA,NDA,23,HUMBOLDT PARK,23,14.8,33.9,17.3,35.4,38.0,13781,85,7.0,23
81,610223,Daniel S Wentworth Elementary School,60621,ES,No,Weak,30.0,Weak,34.0,Weak,36.0,Weak,31,Weak,32,NDA,NDA,91.60%,73.8,95.90%,NDA,NDA,68,ENGLEWOOD,68,3.8,46.6,28.0,28.5,42.5,11888,94,4.0,68
82,610221,Daniel Webster Elementary School,60624,ES,No,Average,48.0,Very Strong,81.0,Strong,66.0,Weak,46,Average,44,Weak,45,94.80%,5.7,97.20%,NDA,NDA,26,WEST GARFIELD PARK,26,9.4,41.7,25.8,24.5,43.6,10934,92,4.0,26
83,609704,David G Farragut Career Academy High School,60623,HS,No,Average,43.0,Average,42.0,Weak,32.0,Weak,NDA,NDA,NDA,NDA,NDA,86.10%,18.6,95.20%,43.2,31.3,30,SOUTH LAWNDALE,30,15.2,30.7,15.8,54.8,33.8,10402,96,1.0,30
84,610402,DeVry University Advantage Academy High School,60618,HS,No,NDA,,NDA,,NDA,,Weak,NDA,NDA,NDA,Strong,58,96.70%,0.0,94.50%,NDA,63.3,5,NORTH CENTER,5,0.3,7.5,5.2,4.5,26.2,57123,6,2.0,5
85,609885,Dewey Elementary Academy of Fine Arts,60609,ES,No,Average,41.0,Average,42.0,Weak,35.0,Weak,NDA,NDA,NDA,Average,52,90.70%,26.3,95.50%,NDA,NDA,61,NEW CITY,61,11.9,29.0,23.0,41.5,38.9,12765,91,4.0,61
86,610297,High School of Leadership at South Shore,60649,HS,No,NDA,,NDA,,NDA,,Weak,16,Weak,28,Weak,42,72.00%,43.4,95.20%,36.6,68.8,43,SOUTH SHORE,43,2.8,31.1,20.0,14.0,35.7,19398,55,2.0,43
87,610515,Disney II Magnet School,60641,ES,No,NDA,,NDA,,NDA,,Weak,75,Average,53,Strong,62,97.30%,0.0,96.50%,NDA,NDA,16,IRVING PARK,16,6.3,13.1,10.0,22.4,31.6,27249,34,1.0,16
88,610077,Donald Morrill Math & Science Elementary School,60629,ES,No,Weak,28.0,Weak,32.0,Weak,39.0,Weak,35,Weak,32,Weak,44,93.40%,19.6,94.80%,NDA,NDA,66,CHICAGO LAWN,66,7.6,27.9,17.1,31.2,40.6,13231,80,6.0,66
89,610533,Dr Jorge Prieto Math and Science,60639,ES,No,NDA,,NDA,,NDA,,Weak,NDA,NDA,NDA,Average,52,94.70%,7.0,96.90%,NDA,NDA,19,BELMONT CRAGIN,19,10.8,18.7,14.6,37.3,37.3,15461,70,1.0,19
90,610266,Dumas Technology Academy,60637,ES,No,Very Weak,19.0,Weak,25.0,Average,49.0,Weak,NDA,NDA,NDA,Average,48,92.50%,38.4,95.60%,NDA,NDA,42,WOODLAWN,42,2.9,30.7,23.4,16.5,36.1,18672,58,4.0,42
91,610188,Dunne Technology Academy,60628,ES,No,Average,46.0,Strong,65.0,Strong,71.0,Weak,51,Average,59,Average,49,94.60%,22.8,96.40%,NDA,NDA,49,ROSELAND,49,2.5,19.8,20.3,16.9,41.2,17949,52,2.0,49
92,610352,Durkin Park Elementary School,60652,ES,No,Strong,61.0,Average,57.0,Average,58.0,Weak,88,Strong,74,Average,53,95.40%,0.7,95.80%,NDA,NDA,70,ASHBURN,70,4.0,10.4,11.7,17.7,36.9,23482,37,4.0,70
93,610254,Dvorak Technology Academy,60623,ES,No,Average,46.0,Strong,66.0,Strong,69.0,Weak,4,Very Weak,13,NDA,NDA,94.20%,4.4,95.40%,NDA,NDA,29,NORTH LAWNDALE,29,7.4,43.1,21.2,27.6,42.7,12034,87,6.0,29
94,609815,Edward A Bouchet Math & Science Academy Elementary School,60649,ES,No,Weak,33.0,Average,55.0,Average,50.0,Weak,53,Average,58,Average,50,92.90%,28.0,95.90%,NDA,NDA,43,SOUTH SHORE,43,2.8,31.1,20.0,14.0,35.7,19398,55,2.0,43
95,609881,Edward C Delano Elementary School,60624,ES,No,Weak,38.0,Strong,66.0,Average,52.0,Weak,63,Strong,79,Strong,55,93.40%,20.3,94.70%,NDA,NDA,26,WEST GARFIELD PARK,26,9.4,41.7,25.8,24.5,43.6,10934,92,4.0,26
96,609862,Edward Coles Elementary Language Academy,60617,ES,No,Weak,22.0,Average,40.0,Average,54.0,Weak,52,Average,53,Average,50,95.10%,24.9,95.00%,NDA,NDA,46,SOUTH CHICAGO,46,4.7,29.8,19.7,26.6,41.1,16579,75,3.0,46
97,609909,Edward Everett Elementary School,60608,ES,No,NDA,,NDA,,NDA,,Weak,47,Average,45,NDA,NDA,95.30%,2.4,97.70%,NDA,NDA,59,MCKINLEY PARK,59,7.2,18.7,13.4,32.9,35.6,16954,61,1.0,59
98,610012,Edward Jenner Elementary Academy of the Arts,60610,ES,No,Average,50.0,Strong,62.0,Average,41.0,Weak,20,Weak,26,Average,49,88.90%,16.0,94.80%,NDA,NDA,8,NEAR NORTH SIDE,8,1.9,12.9,7.0,2.5,22.6,88669,1,8.0,8
99,609904,Edward K Ellington Elementary School,60644,ES,No,Weak,30.0,Weak,37.0,Average,55.0,Weak,NDA,NDA,NDA,Average,49,93.30%,17.4,97.30%,NDA,NDA,25,AUSTIN,25,6.3,28.6,22.6,24.4,37.9,15957,73,11.0,25
100,610006,Edward N Hurley Elementary School,60629,ES,No,Strong,77.0,Average,50.0,Average,49.0,Weak,43,Average,54,Average,49,95.40%,12.2,94.90%,NDA,NDA,65,WEST LAWN,65,5.8,14.9,9.6,33.6,39.6,16907,56,2.0,65
101,609735,Edward Tilden Career Community Academy High School,60609,HS,No,Weak,34.0,Average,45.0,Weak,37.0,Weak,54,Weak,35,Average,51,78.40%,13.0,95.20%,41.1,37,61,NEW CITY,61,11.9,29.0,23.0,41.5,38.9,12765,91,4.0,61
102,610315,Edward White Elementary Career Academy,60643,ES,No,Weak,27.0,Average,44.0,Average,48.0,Weak,NDA,NDA,NDA,Average,51,93.80%,31.0,96.70%,NDA,NDA,53,WEST PULLMAN,53,3.3,25.9,19.4,20.5,42.1,16563,62,1.0,53
103,609708,Edwin G Foreman High School,60641,HS,No,Weak,26.0,Weak,28.0,Weak,23.0,Weak,NDA,NDA,NDA,NDA,NDA,84.30%,10.3,94.80%,59.7,40.9,15,PORTAGE PARK,15,4.1,11.6,12.6,19.3,34.0,24336,35,1.0,15
104,609913,Elaine O Goodlow Elementary Magnet School,60636,ES,No,Average,44.0,Average,52.0,Average,56.0,Weak,35,Weak,28,Weak,46,91.60%,47.5,96.00%,NDA,NDA,67,WEST ENGLEWOOD,67,4.8,34.4,35.9,26.3,40.7,11317,89,3.0,67
105,610233,Elihu Yale Elementary School,60621,ES,No,Weak,29.0,Average,43.0,Average,50.0,Weak,NDA,NDA,NDA,Average,49,89.70%,67.2,97.00%,NDA,NDA,69,GREATER GRAND CROSSING,69,3.6,29.6,23.0,16.5,41.0,17285,66,4.0,69
106,610227,Eli Whitney Elementary School,60623,ES,Yes,Average,44.0,Average,49.0,Average,53.0,Weak,NDA,NDA,NDA,NDA,NDA,95.80%,11.6,95.20%,NDA,NDA,30,SOUTH LAWNDALE,30,15.2,30.7,15.8,54.8,33.8,10402,96,1.0,30
107,610119,Elizabeth Peabody Elementary School,60622,ES,No,Average,51.0,Average,50.0,Strong,61.0,Weak,57,Average,55,Average,52,95.20%,7.6,97.00%,NDA,NDA,24,WEST TOWN,24,2.3,14.7,6.6,12.9,21.7,43198,10,3.0,24
108,609852,Eliza Chappell Elementary School,60625,ES,No,Strong,70.0,Average,53.0,Average,51.0,Weak,56,Average,48,Average,50,95.10%,2.9,96.70%,NDA,NDA,4,LINCOLN SQUARE,4,3.4,10.9,8.2,13.4,25.5,37524,17,1.0,4
109,610235,Ella Flagg Young Elementary School,60651,ES,No,Weak,31.0,Average,44.0,Average,50.0,Weak,NDA,NDA,NDA,Weak,44,94.30%,3.0,95.40%,NDA,NDA,25,AUSTIN,25,6.3,28.6,22.6,24.4,37.9,15957,73,11.0,25
110,609682,Ellen H Richards Career Academy High School,60609,HS,No,Weak,30.0,Weak,32.0,Very Weak,19.0,Weak,42,Weak,34,Weak,43,90.60%,17.3,95.70%,57.3,43.1,61,NEW CITY,61,11.9,29.0,23.0,41.5,38.9,12765,91,4.0,61
111,610073,Ellen Mitchell Elementary School,60612,ES,No,Very Strong,99.0,Very Strong,95.0,Very Strong,95.0,Weak,81,Very Strong,90,Strong,56,95.50%,12.2,97.70%,NDA,NDA,24,WEST TOWN,24,2.3,14.7,6.6,12.9,21.7,43198,10,3.0,24
112,609712,Emil G Hirsch Metropolitan High School,60619,HS,No,Very Weak,13.0,Weak,28.0,Weak,28.0,Weak,52,Average,50,NDA,NDA,84.80%,47.1,95.40%,36.2,45.1,69,GREATER GRAND CROSSING,69,3.6,29.6,23.0,16.5,41.0,17285,66,4.0,69
113,609973,Emiliano Zapata Elementary Academy,60623,ES,No,Strong,60.0,Average,43.0,Average,42.0,Weak,73,Strong,79,Weak,46,96.60%,2.8,96.80%,NDA,NDA,30,SOUTH LAWNDALE,30,15.2,30.7,15.8,54.8,33.8,10402,96,1.0,30
114,610065,Emmett Louis Till Math and Science Academy,60637,ES,No,Weak,31.0,Average,47.0,Average,40.0,Weak,49,Average,42,Average,47,88.00%,95.7,93.30%,NDA,NDA,42,WOODLAWN,42,2.9,30.7,23.4,16.5,36.1,18672,58,4.0,42
115,609916,Enrico Fermi Elementary School,60637,ES,No,Weak,30.0,Strong,65.0,Strong,63.0,Weak,42,Average,47,NDA,NDA,89.90%,101.2,95.40%,NDA,NDA,43,SOUTH SHORE,43,2.8,31.1,20.0,14.0,35.7,19398,55,2.0,43
116,610203,Enrico Tonti Elementary School,60629,ES,No,NDA,,NDA,,NDA,,Weak,47,Average,54,Average,49,95.80%,2.1,97.20%,NDA,NDA,63,GAGE PARK,63,15.8,23.4,18.2,51.5,38.8,12171,93,1.0,63
117,610543,Eric Solorio Academy High School,60632,HS,No,Strong,67.0,Average,53.0,Strong,63.0,Weak,62,Strong,64,Average,53,92.20%,3.0,0.00%,NDA,NDA,63,GAGE PARK,63,15.8,23.4,18.2,51.5,38.8,12171,93,1.0,63
118,610137,Ernst Prussing Elementary School,60630,ES,No,Strong,71.0,Average,49.0,Average,42.0,Weak,NDA,NDA,NDA,Weak,43,95.40%,23.4,96.00%,NDA,NDA,15,PORTAGE PARK,15,4.1,11.6,12.6,19.3,34.0,24336,35,1.0,15
119,609918,Eugene Field Elementary School,60626,ES,No,Average,42.0,Average,47.0,Weak,37.0,Weak,21,Very Weak,8,Weak,44,96.80%,10.0,96.70%,NDA,NDA,1,ROGERS PARK,1,7.7,23.6,8.7,18.2,27.5,23939,39,3.0,1
120,609874,Everett McKinley Dirksen Elementary School,60656,ES,No,Average,44.0,Very Weak,12.0,Very Weak,1.0,Weak,NDA,NDA,NDA,NDA,NDA,95.90%,2.7,96.20%,NDA,NDA,76,OHARE,76,3.6,15.4,7.1,10.9,30.3,25828,24,1.0,76
121,610319,Evergreen Academy Middle School,60609,MS,No,Strong,60.0,Average,47.0,Average,44.0,Weak,59,Strong,65,Weak,43,96.10%,5.5,97.40%,NDA,NDA,59,MCKINLEY PARK,59,7.2,18.7,13.4,32.9,35.6,16954,61,1.0,59
122,610057,Fairfield Elementary Academy,60629,ES,No,Weak,31.0,Average,41.0,Weak,34.0,Weak,45,Weak,25,NDA,NDA,93.40%,43.4,93.30%,NDA,NDA,66,CHICAGO LAWN,66,7.6,27.9,17.1,31.2,40.6,13231,80,6.0,66
123,610308,Wilma Rudolph Elementary Learning Center,60612,ES,No,NDA,,NDA,,NDA,,Weak,NDA,NDA,NDA,Strong,57,80.00%,0.0,95.60%,NDA,NDA,28,NEAR WEST SIDE,28,3.8,20.6,10.7,9.6,22.2,44689,15,4.0,28
124,610120,Ferdinand Peck Elementary School,60629,ES,No,Average,51.0,Average,43.0,Average,47.0,Weak,32,Weak,37,Weak,44,96.30%,1.2,97.20%,NDA,NDA,62,WEST ELSDON,62,11.1,15.6,16.7,37.0,37.7,15754,69,1.0,62
125,610096,Florence Nightingale Elementary School,60632,ES,No,Weak,35.0,Average,40.0,Average,48.0,Weak,68,Strong,72,Average,48,95.60%,9.4,95.80%,NDA,NDA,63,GAGE PARK,63,15.8,23.4,18.2,51.5,38.8,12171,93,1.0,63
126,609927,Foster Park Elementary School,60620,ES,No,Very Weak,11.0,Weak,20.0,Weak,22.0,Weak,50,Average,46,Weak,46,93.70%,33.6,94.70%,NDA,NDA,71,AUBURN GRESHAM,71,4.0,27.6,28.3,18.5,41.9,15528,74,3.0,71
127,610215,Francisco I Madero Middle School,60623,MS,Yes,Average,49.0,Average,48.0,Average,47.0,Weak,49,Weak,34,Average,47,95.10%,7.1,97.00%,NDA,NDA,30,SOUTH LAWNDALE,30,15.2,30.7,15.8,54.8,33.8,10402,96,1.0,30
128,610067,Francis M McKay Elementary School,60629,ES,No,Weak,23.0,Weak,37.0,Average,54.0,Weak,67,Strong,61,Average,48,93.50%,9.1,95.10%,NDA,NDA,66,CHICAGO LAWN,66,7.6,27.9,17.1,31.2,40.6,13231,80,6.0,66
129,610114,Francis Parkman Elementary School,60609,ES,No,Weak,38.0,Average,45.0,Weak,39.0,Weak,20,Weak,28,NDA,NDA,90.60%,20.7,95.30%,NDA,NDA,37,FULLER PARK,37,3.2,51.2,33.9,26.6,44.9,10432,97,1.0,37
130,610020,Francis Scott Key Elementary School,60644,ES,No,Weak,37.0,Average,49.0,Strong,64.0,Weak,NDA,NDA,NDA,Weak,44,91.90%,39.6,94.00%,NDA,NDA,25,AUSTIN,25,6.3,28.6,22.6,24.4,37.9,15957,73,11.0,25
131,610112,Francis W Parker Elementary Community Academy,60621,ES,No,Weak,30.0,Average,53.0,Average,57.0,Weak,NDA,NDA,NDA,Average,48,91.90%,39.0,94.90%,NDA,NDA,68,ENGLEWOOD,68,3.8,46.6,28.0,28.5,42.5,11888,94,4.0,68
132,609800,Frank I Bennett Elementary School,60628,ES,No,Average,46.0,Average,55.0,Strong,66.0,Weak,55,Average,56,Average,47,92.50%,6.5,95.90%,NDA,NDA,49,ROSELAND,49,2.5,19.8,20.3,16.9,41.2,17949,52,2.0,49
133,609939,Frank L Gillespie Elementary School,60619,ES,No,Weak,27.0,Weak,30.0,Average,45.0,Weak,NDA,NDA,NDA,NDA,NDA,91.90%,2.1,96.30%,NDA,NDA,49,ROSELAND,49,2.5,19.8,20.3,16.9,41.2,17949,52,2.0,49
134,609926,Franklin Elementary Fine Arts Center,60610,ES,No,Very Strong,87.0,Strong,60.0,Average,55.0,Weak,NDA,NDA,NDA,Strong,58,95.90%,5.6,95.30%,NDA,NDA,8,NEAR NORTH SIDE,8,1.9,12.9,7.0,2.5,22.6,88669,1,8.0,8
135,609958,Frank W Gunsaulus Elementary Scholastic Academy,60632,ES,No,Average,46.0,Weak,30.0,Average,45.0,Weak,34,Very Weak,14,Average,49,96.60%,87.3,96.00%,NDA,NDA,58,BRIGHTON PARK,58,14.4,23.6,13.9,45.1,39.3,13089,84,4.0,58
136,610165,Franz Peter Schubert Elementary School,60639,ES,No,NDA,,NDA,,NDA,,Weak,32,Weak,26,Average,47,95.80%,2.1,97.00%,NDA,NDA,19,BELMONT CRAGIN,19,10.8,18.7,14.6,37.3,37.3,15461,70,1.0,19
137,610503,Frazier Prospective IB Magnet Elementary School,60624,ES,No,Strong,60.0,Very Strong,84.0,Strong,72.0,Weak,42,Average,55,Strong,66,96.80%,7.2,96.60%,NDA,NDA,29,NORTH LAWNDALE,29,7.4,43.1,21.2,27.6,42.7,12034,87,6.0,29
138,609854,Frederic Chopin Elementary School,60622,ES,No,Very Strong,86.0,Very Strong,99.0,Very Strong,99.0,Weak,97,Very Strong,99,Average,49,96.90%,1.7,96.00%,NDA,NDA,24,WEST TOWN,24,2.3,14.7,6.6,12.9,21.7,43198,10,3.0,24
139,610245,Frederick A Douglass Academy High School,60644,HS,No,Average,44.0,Weak,39.0,Weak,37.0,Weak,NDA,NDA,NDA,Average,50,79.20%,28.0,94.70%,52.8,39.5,25,AUSTIN,25,6.3,28.6,22.6,24.4,37.9,15957,73,11.0,25
140,609930,Frederick Funston Elementary School,60647,ES,No,Very Weak,16.0,Very Weak,14.0,Very Weak,16.0,Weak,NDA,NDA,NDA,Weak,40,94.70%,16.8,95.40%,NDA,NDA,22,LOGAN SQUARE,22,3.2,16.8,8.2,14.8,26.2,31908,23,2.0,22
141,610010,Friedrich Ludwig Jahn Elementary School,60657,ES,No,Strong,72.0,Strong,60.0,Average,59.0,Weak,NDA,NDA,NDA,Average,50,94.70%,19.9,94.70%,NDA,NDA,5,NORTH CENTER,5,0.3,7.5,5.2,4.5,26.2,57123,6,2.0,5
142,609709,Gage Park High School,60629,HS,No,Very Weak,14.0,Weak,29.0,Weak,37.0,Weak,38,Weak,35,NDA,NDA,72.50%,19.5,94.00%,52.8,40.3,63,GAGE PARK,63,15.8,23.4,18.2,51.5,38.8,12171,93,1.0,63
143,610009,Galileo Math & Science Scholastic Academy Elementary School,60607,ES,No,Strong,65.0,Average,40.0,Average,42.0,Weak,56,Weak,33,Average,49,95.00%,3.1,97.00%,NDA,NDA,28,NEAR WEST SIDE,28,3.8,20.6,10.7,9.6,22.2,44689,15,4.0,28
144,610072,Garrett A Morgan Elementary School,60620,ES,No,Weak,28.0,Average,58.0,Average,55.0,Weak,46,Weak,36,Average,47,92.00%,10.0,94.80%,NDA,NDA,71,AUBURN GRESHAM,71,4.0,27.6,28.3,18.5,41.9,15528,74,3.0,71
145,610293,Genevieve Melody Elementary School,60624,ES,No,Strong,61.0,Strong,65.0,Strong,77.0,Weak,NDA,NDA,NDA,NDA,NDA,92.10%,26.0,96.00%,NDA,NDA,26,WEST GARFIELD PARK,26,9.4,41.7,25.8,24.5,43.6,10934,92,4.0,26
146,609779,George Armstrong International Studies Elementary School,60645,ES,No,Average,59.0,Average,59.0,Strong,64.0,Weak,53,Average,45,NDA,NDA,96.30%,8.1,96.30%,NDA,NDA,2,WEST RIDGE,2,7.8,17.2,8.8,20.8,38.5,23040,46,2.0,2
147,610305,George Leland Elementary School,60644,ES,No,NDA,,NDA,,NDA,,Weak,68,Strong,77,Strong,60,92.60%,3.3,94.90%,NDA,NDA,25,AUSTIN,25,6.3,28.6,22.6,24.4,37.9,15957,73,11.0,25
148,610048,George Manierre Elementary School,60610,ES,No,Average,43.0,Average,49.0,Average,40.0,Weak,NDA,NDA,NDA,Weak,42,91.00%,44.0,94.80%,NDA,NDA,8,NEAR NORTH SIDE,8,1.9,12.9,7.0,2.5,22.6,88669,1,8.0,8
149,609795,George Rogers Clark Elementary School,60644,ES,No,Weak,39.0,Weak,32.0,Weak,36.0,Weak,NDA,NDA,NDA,Average,47,93.90%,14.4,96.40%,NDA,NDA,25,AUSTIN,25,6.3,28.6,22.6,24.4,37.9,15957,73,11.0,25
150,609760,George Washington Carver Military Academy High School,60627,HS,No,Average,53.0,Weak,37.0,Weak,34.0,Weak,NDA,NDA,NDA,NDA,NDA,91.60%,8.9,96.40%,78.7,60.5,54,RIVERDALE,54,5.8,56.5,34.6,27.5,51.5,8201,98,1.0,54
151,609845,George Washington Carver Primary School,60827,ES,No,Weak,25.0,Weak,33.0,Weak,30.0,Weak,NDA,NDA,NDA,Average,52,90.90%,15.6,94.70%,NDA,NDA,54,RIVERDALE,54,5.8,56.5,34.6,27.5,51.5,8201,98,1.0,54
152,609900,George W Curtis Elementary School,60628,ES,No,Weak,23.0,Average,43.0,Average,58.0,Weak,NDA,NDA,NDA,Strong,68,93.80%,18.2,98.10%,NDA,NDA,49,ROSELAND,49,2.5,19.8,20.3,16.9,41.2,17949,52,2.0,49
153,609693,George Westinghouse High School,60624,HS,No,Strong,74.0,Strong,77.0,Very Strong,80.0,Weak,86,Strong,71,Strong,54,93.60%,2.0,96.80%,NDA,NDA,23,HUMBOLDT PARK,23,14.8,33.9,17.3,35.4,38.0,13781,85,7.0,23
154,610202,George W Tilton Elementary School,60624,ES,No,Very Weak,6.0,Weak,30.0,Average,41.0,Weak,25,Average,44,Average,51,91.40%,65.5,95.10%,NDA,NDA,26,WEST GARFIELD PARK,26,9.4,41.7,25.8,24.5,43.6,10934,92,4.0,26
155,609920,Gerald Delgado Kanoon Elementary Magnet School,60623,ES,No,Average,44.0,Average,48.0,Average,48.0,Weak,61,Average,43,Average,47,95.90%,3.3,95.60%,NDA,NDA,30,SOUTH LAWNDALE,30,15.2,30.7,15.8,54.8,33.8,10402,96,1.0,30
156,610187,Graeme Stewart Elementary School,60640,ES,No,Average,49.0,Average,46.0,Average,57.0,Weak,NDA,NDA,NDA,Average,47,95.20%,77.0,96.10%,NDA,NDA,3,UPTOWN,3,3.8,24.0,8.9,11.8,22.2,35787,20,4.0,3
157,610285,Granville T Woods Math & Science Academy Elementary School,60636,ES,No,Weak,35.0,Average,43.0,Weak,31.0,Weak,NDA,NDA,NDA,Average,48,91.90%,41.5,95.20%,NDA,NDA,67,WEST ENGLEWOOD,67,4.8,34.4,35.9,26.3,40.7,11317,89,3.0,67
158,610383,Greater Lawndale High School For Social Justice,60623,HS,No,Average,43.0,Average,46.0,Average,44.0,Weak,81,Strong,65,Average,53,87.50%,16.4,95.10%,67,57.4,30,SOUTH LAWNDALE,30,15.2,30.7,15.8,54.8,33.8,10402,96,1.0,30
159,609857,Grover Cleveland Elementary School,60618,ES,No,Strong,64.0,Average,58.0,Average,47.0,Weak,51,Average,44,Average,49,95.00%,6.1,96.30%,NDA,NDA,16,IRVING PARK,16,6.3,13.1,10.0,22.4,31.6,27249,34,1.0,16
160,610241,Guglielmo Marconi Elementary Community Academy,60624,ES,No,Weak,26.0,Strong,65.0,Strong,76.0,Weak,NDA,NDA,NDA,Average,52,91.50%,58.8,96.50%,NDA,NDA,26,WEST GARFIELD PARK,26,9.4,41.7,25.8,24.5,43.6,10934,92,4.0,26
161,609741,Gurdon S Hubbard High School,60629,HS,No,Average,42.0,Weak,34.0,Weak,29.0,Weak,NDA,NDA,NDA,NDA,NDA,89.30%,4.3,96.40%,57.2,51.3,65,WEST LAWN,65,5.8,14.9,9.6,33.6,39.6,16907,56,2.0,65
162,609726,Gwendolyn Brooks College Preparatory Academy High School,60628,HS,No,Strong,64.0,Average,44.0,Average,49.0,Weak,NDA,NDA,NDA,Average,47,87.10%,0.1,95.20%,88.1,87.9,49,ROSELAND,49,2.5,19.8,20.3,16.9,41.2,17949,52,2.0,49
163,610068,Hanson Park Elementary School,60639,ES,No,Weak,35.0,Weak,34.0,Weak,33.0,Weak,NDA,NDA,NDA,Average,50,95.00%,24.4,94.90%,NDA,NDA,19,BELMONT CRAGIN,19,10.8,18.7,14.6,37.3,37.3,15461,70,1.0,19
164,610192,Harriet Beecher Stowe Elementary School,60647,ES,No,Weak,28.0,Weak,26.0,Weak,31.0,Weak,NDA,NDA,NDA,Weak,44,93.80%,13.7,94.70%,NDA,NDA,23,HUMBOLDT PARK,23,14.8,33.9,17.3,35.4,38.0,13781,85,7.0,23
165,610158,Harriet E Sayre Elementary Language Academy,60707,ES,No,Strong,68.0,Average,41.0,Average,50.0,Weak,NDA,NDA,NDA,Weak,44,96.20%,2.6,96.60%,NDA,NDA,25,AUSTIN,25,6.3,28.6,22.6,24.4,37.9,15957,73,11.0,25
166,609974,Hawthorne Elementary Scholastic Academy,60657,ES,Yes,Very Strong,92.0,Strong,61.0,Average,56.0,Weak,90,Very Strong,84,Strong,58,96.90%,1.2,96.50%,NDA,NDA,6,LAKE VIEW,6,1.1,11.4,4.7,2.6,17.0,60058,5,3.0,6
167,609985,Helen M Hefferan Elementary School,60624,ES,No,Weak,29.0,Weak,26.0,Strong,63.0,Weak,58,Average,52,Average,51,93.80%,13.4,95.90%,NDA,NDA,26,WEST GARFIELD PARK,26,9.4,41.7,25.8,24.5,43.6,10934,92,4.0,26
168,609972,Helge A Haugan Elementary School,60625,ES,No,Average,43.0,Average,57.0,Average,49.0,Weak,33,Weak,30,Weak,46,96.20%,23.4,94.60%,NDA,NDA,14,ALBANY PARK,14,11.3,19.2,10.0,32.9,32.0,21323,53,1.0,14
169,609856,Henry Clay Elementary School,60633,ES,No,Weak,38.0,Weak,30.0,Weak,30.0,Weak,24,Weak,31,NDA,NDA,95.20%,6.0,96.10%,NDA,NDA,55,HEGEWISCH,55,3.3,17.1,9.6,19.2,42.9,22677,44,1.0,55
170,610040,Henry D Lloyd Elementary School,60639,ES,No,NDA,,NDA,,NDA,,Weak,NDA,NDA,NDA,Average,48,96.20%,0.0,97.20%,NDA,NDA,19,BELMONT CRAGIN,19,10.8,18.7,14.6,37.3,37.3,15461,70,1.0,19
171,610092,Henry H Nash Elementary School,60644,ES,No,Average,41.0,Strong,68.0,Strong,76.0,Weak,NDA,NDA,NDA,NDA,NDA,95.10%,27.9,95.80%,NDA,NDA,25,AUSTIN,25,6.3,28.6,22.6,24.4,37.9,15957,73,11.0,25
172,610279,Henry O Tanner Elementary School,60619,ES,No,Weak,33.0,Average,42.0,Average,55.0,Weak,NDA,NDA,NDA,NDA,NDA,91.80%,43.1,95.60%,NDA,NDA,69,GREATER GRAND CROSSING,69,3.6,29.6,23.0,16.5,41.0,17285,66,4.0,69
173,609798,Hiram H Belding Elementary School,60641,ES,No,Strong,64.0,Strong,67.0,Strong,69.0,Weak,49,Average,51,Average,53,95.00%,21.3,96.20%,NDA,NDA,16,IRVING PARK,16,6.3,13.1,10.0,22.4,31.6,27249,34,1.0,16
174,609768,Hope College Preparatory High School,60621,HS,No,Weak,31.0,Weak,37.0,Average,44.0,Weak,56,Weak,35,NDA,NDA,72.20%,24.0,94.30%,55.2,58.2,68,ENGLEWOOD,68,3.8,46.6,28.0,28.5,42.5,11888,94,4.0,68
175,609850,Horace Greeley Elementary School,60613,ES,No,Strong,65.0,Average,48.0,Weak,38.0,Weak,NDA,NDA,NDA,Average,52,95.90%,6.0,96.00%,NDA,NDA,6,LAKE VIEW,6,1.1,11.4,4.7,2.6,17.0,60058,5,3.0,6
176,610052,Horace Mann Elementary School,60617,ES,No,Weak,28.0,Weak,31.0,Weak,30.0,Weak,31,Weak,24,Weak,44,92.60%,44.4,94.50%,NDA,NDA,46,SOUTH CHICAGO,46,4.7,29.8,19.7,26.6,41.1,16579,75,3.0,46
177,610058,Horatio May Elementary Community Academy,60644,ES,No,Average,42.0,Average,47.0,Average,56.0,Weak,NDA,NDA,NDA,NDA,NDA,91.90%,40.0,96.40%,NDA,NDA,25,AUSTIN,25,6.3,28.6,22.6,24.4,37.9,15957,73,11.0,25
178,609713,Hyde Park Academy High School,60637,HS,No,Weak,29.0,Weak,34.0,Average,43.0,Weak,35,Average,41,NDA,NDA,70.50%,18.5,94.20%,51.1,57.6,42,WOODLAWN,42,2.9,30.7,23.4,16.5,36.1,18672,58,4.0,42
179,610110,Ida B Wells Preparatory Elementary Academy,60653,ES,No,Average,49.0,Strong,64.0,Very Strong,93.0,Weak,NDA,NDA,NDA,NDA,NDA,93.20%,9.5,92.80%,NDA,NDA,35,DOUGLAS,35,1.8,29.6,18.2,14.3,30.7,23791,47,3.0,35
180,610273,Ignance Paderewski Elementary Learning Academy,60623,ES,No,Weak,31.0,Strong,63.0,Very Strong,98.0,Weak,NDA,NDA,NDA,Weak,46,92.10%,20.9,95.20%,NDA,NDA,30,SOUTH LAWNDALE,30,15.2,30.7,15.8,54.8,33.8,10402,96,1.0,30
181,610384,Infinity Math Science and Technology High School,60623,HS,No,Average,58.0,Strong,66.0,Strong,65.0,Weak,NDA,NDA,NDA,Average,51,92.20%,7.5,96.00%,84.4,55.7,30,SOUTH LAWNDALE,30,15.2,30.7,15.8,54.8,33.8,10402,96,1.0,30
182,610078,Inter-American Elementary Magnet School,60613,ES,No,Strong,67.0,Average,50.0,Average,51.0,Weak,NDA,NDA,NDA,Average,51,96.20%,3.0,96.20%,NDA,NDA,6,LAKE VIEW,6,1.1,11.4,4.7,2.6,17.0,60058,5,3.0,6
183,609848,Ira F Aldridge Elementary School,60827,ES,No,Weak,39.0,Weak,36.0,Weak,39.0,Weak,NDA,NDA,NDA,Average,49,92.90%,49.0,96.30%,NDA,NDA,54,RIVERDALE,54,5.8,56.5,34.6,27.5,51.5,8201,98,1.0,54
184,610532,Irene C. Hernandez Middle School for the Advancement of Science,60632,MS,No,Weak,34.0,Weak,27.0,Weak,27.0,Weak,28,Weak,27,NDA,NDA,95.50%,14.8,96.20%,NDA,NDA,63,GAGE PARK,63,15.8,23.4,18.2,51.5,38.8,12171,93,1.0,63
185,610125,Irma C Ruiz Elementary School,60608,ES,Yes,Average,57.0,Average,57.0,Strong,62.0,Weak,51,Average,56,Average,50,95.50%,15.9,95.00%,NDA,NDA,31,LOWER WEST SIDE,31,9.6,25.8,15.8,40.7,32.6,16444,76,3.0,31
186,610276,Irvin C Mollison Elementary School,60653,ES,No,Average,44.0,Average,46.0,Weak,38.0,Weak,NDA,NDA,NDA,Average,52,91.10%,36.1,94.30%,NDA,NDA,38,GRAND BOULEVARD,38,3.3,29.3,24.3,15.9,39.5,23472,57,2.0,38
187,610103,Isabelle C O'Keeffe Elementary School,60649,ES,No,Very Weak,17.0,Weak,28.0,Weak,29.0,Weak,NDA,NDA,NDA,Weak,40,92.10%,24.6,94.60%,NDA,NDA,43,SOUTH SHORE,43,2.8,31.1,20.0,14.0,35.7,19398,55,2.0,43
188,609797,Jacob Beidler Elementary School,60612,ES,No,Strong,63.0,Strong,70.0,Average,58.0,Weak,NDA,NDA,NDA,NDA,NDA,95.40%,0.7,96.60%,NDA,NDA,27,EAST GARFIELD PARK,27,8.2,42.4,19.6,21.3,43.2,12961,83,3.0,27
189,609766,Jacqueline B Vaughn Occupational High School,60641,HS,No,Average,57.0,Weak,33.0,Weak,20.0,Weak,67,Strong,69,Strong,63,87.60%,3.7,95.50%,65.3,NDA,15,PORTAGE PARK,15,4.1,11.6,12.6,19.3,34.0,24336,35,1.0,15
190,610070,James B McPherson Elementary School,60640,ES,No,Strong,71.0,Average,48.0,Weak,38.0,Weak,NDA,NDA,NDA,Average,52,96.50%,1.2,96.30%,NDA,NDA,4,LINCOLN SQUARE,4,3.4,10.9,8.2,13.4,25.5,37524,17,1.0,4
191,610066,James E McDade Elementary Classical School,60619,ES,No,Very Strong,99.0,Average,57.0,Average,52.0,Weak,NDA,NDA,NDA,Strong,61,96.20%,0.0,94.30%,NDA,NDA,44,CHATHAM,44,3.3,27.8,24.0,14.5,40.3,18881,60,1.0,44
192,609803,James G Blaine Elementary School,60613,ES,No,Very Strong,99.0,Strong,76.0,Strong,74.0,Weak,NDA,NDA,NDA,Weak,40,96.40%,2.1,96.00%,NDA,NDA,6,LAKE VIEW,6,1.1,11.4,4.7,2.6,17.0,60058,5,3.0,6
193,609983,James Hedges Elementary School,60609,ES,No,Weak,22.0,Weak,22.0,Weak,24.0,Weak,NDA,NDA,NDA,Weak,41,95.40%,48.8,96.50%,NDA,NDA,61,NEW CITY,61,11.9,29.0,23.0,41.5,38.9,12765,91,4.0,61
194,610047,James Madison Elementary School,60619,ES,No,Weak,39.0,Weak,32.0,Weak,28.0,Weak,NDA,NDA,NDA,NDA,NDA,94.90%,12.4,97.70%,NDA,NDA,43,SOUTH SHORE,43,2.8,31.1,20.0,14.0,35.7,19398,55,2.0,43
195,610074,James Monroe Elementary School,60647,ES,No,Average,45.0,Weak,26.0,Weak,22.0,Weak,NDA,NDA,NDA,Average,47,95.10%,22.1,95.80%,NDA,NDA,22,LOGAN SQUARE,22,3.2,16.8,8.2,14.8,26.2,31908,23,2.0,22
196,610200,James N Thorp Elementary School,60617,ES,No,Weak,32.0,Weak,39.0,Weak,39.0,Weak,NDA,NDA,NDA,NDA,NDA,91.80%,45.4,95.90%,NDA,NDA,46,SOUTH CHICAGO,46,4.7,29.8,19.7,26.6,41.1,16579,75,3.0,46
197,610107,James Otis Elementary School,60622,ES,No,Very Strong,83.0,Strong,67.0,Average,58.0,Weak,92,Very Strong,94,Strong,54,95.50%,3.2,96.50%,NDA,NDA,24,WEST TOWN,24,2.3,14.7,6.6,12.9,21.7,43198,10,3.0,24
198,609891,James R Doolittle Jr Elementary School,60616,ES,No,Weak,30.0,Weak,25.0,Average,46.0,Weak,NDA,NDA,NDA,Weak,44,91.40%,134.8,94.70%,NDA,NDA,35,DOUGLAS,35,1.8,29.6,18.2,14.3,30.7,23791,47,3.0,35
199,610044,James Russell Lowell Elementary School,60651,ES,No,Weak,39.0,Weak,39.0,Average,40.0,Weak,NDA,NDA,NDA,Weak,45,93.20%,11.2,95.70%,NDA,NDA,23,HUMBOLDT PARK,23,14.8,33.9,17.3,35.4,38.0,13781,85,7.0,23
200,610174,James Shields Elementary School,60632,ES,No,Weak,38.0,Average,57.0,Average,58.0,Weak,NDA,NDA,NDA,Average,50,97.00%,13.9,97.00%,NDA,NDA,58,BRIGHTON PARK,58,14.4,23.6,13.9,45.1,39.3,13089,84,4.0,58
201,610213,James Wadsworth Elementary School,60637,ES,No,NDA,,NDA,,NDA,,Weak,NDA,NDA,NDA,Average,47,92.20%,8.0,95.50%,NDA,NDA,42,WOODLAWN,42,2.9,30.7,23.4,16.5,36.1,18672,58,4.0,42
202,610274,James Weldon Johnson Elementary School,60623,ES,No,Strong,67.0,Strong,61.0,Strong,75.0,Weak,63,Strong,66,Average,51,94.70%,1.4,97.50%,NDA,NDA,29,NORTH LAWNDALE,29,7.4,43.1,21.2,27.6,42.7,12034,87,6.0,29
203,610093,Jane A Neil Elementary School,60619,ES,No,Average,42.0,Weak,27.0,Weak,28.0,Weak,40,Weak,36,Average,52,88.90%,5.0,94.60%,NDA,NDA,44,CHATHAM,44,3.3,27.8,24.0,14.5,40.3,18881,60,1.0,44
204,610031,Jean D Lafayette Elementary School,60622,ES,No,Average,44.0,Average,43.0,Weak,38.0,Weak,80,Strong,72,Average,52,94.10%,14.3,96.30%,NDA,NDA,24,WEST TOWN,24,2.3,14.7,6.6,12.9,21.7,43198,10,3.0,24
205,610271,Jensen Elementary Scholastic Academy,60612,ES,No,Weak,35.0,Average,42.0,Strong,67.0,Weak,43,Average,40,Weak,46,93.10%,17.2,95.30%,NDA,NDA,27,EAST GARFIELD PARK,27,8.2,42.4,19.6,21.3,43.2,12961,83,3.0,27
206,609932,Jesse Owens Elementary Community Academy,60628,ES,No,NDA,,NDA,,NDA,,Weak,NDA,NDA,NDA,Average,51,91.30%,4.9,93.50%,NDA,NDA,53,WEST PULLMAN,53,3.3,25.9,19.4,20.5,42.1,16563,62,1.0,53
207,610173,Jesse Sherwood Elementary School,60621,ES,No,Weak,38.0,Average,47.0,Average,58.0,Weak,NDA,NDA,NDA,Average,51,92.00%,3.9,95.50%,NDA,NDA,68,ENGLEWOOD,68,3.8,46.6,28.0,28.5,42.5,11888,94,4.0,68
208,609942,Johann W von Goethe Elementary School,60647,ES,No,Strong,75.0,Strong,68.0,Average,52.0,Weak,62,Strong,69,Strong,57,95.80%,5.6,97.00%,NDA,NDA,22,LOGAN SQUARE,22,3.2,16.8,8.2,14.8,26.2,31908,23,2.0,22
209,610216,John A Walsh Elementary School,60608,ES,Yes,Strong,60.0,Strong,70.0,Very Strong,91.0,Weak,NDA,NDA,NDA,Average,48,95.10%,2.9,95.30%,NDA,NDA,31,LOWER WEST SIDE,31,9.6,25.8,15.8,40.7,32.6,16444,76,3.0,31
210,609789,John Barry Elementary School,60641,ES,No,Weak,35.0,Strong,70.0,Very Strong,81.0,Weak,34,Average,41,Average,51,95.10%,5.6,96.10%,NDA,NDA,20,HERMOSA,20,6.9,20.5,13.1,41.6,36.4,15089,71,1.0,20
211,609894,John B Drake Elementary School,60616,ES,No,Average,59.0,Average,57.0,Average,46.0,Weak,43,Very Weak,16,Average,50,93.80%,43.3,95.90%,NDA,NDA,35,DOUGLAS,35,1.8,29.6,18.2,14.3,30.7,23791,47,3.0,35
212,610089,John B Murphy Elementary School,60618,ES,No,Very Strong,80.0,Strong,75.0,Average,59.0,Weak,NDA,NDA,NDA,Strong,58,95.60%,1.9,96.30%,NDA,NDA,16,IRVING PARK,16,6.3,13.1,10.0,22.4,31.6,27249,34,1.0,16
213,610243,John Calhoun North Elementary School,60612,ES,No,Average,52.0,Average,44.0,Average,54.0,Weak,79,Very Strong,88,Weak,43,95.90%,4.6,96.50%,NDA,NDA,27,EAST GARFIELD PARK,27,8.2,42.4,19.6,21.3,43.2,12961,83,3.0,27
214,609829,John C Burroughs Elementary School,60632,ES,Yes,Average,50.0,Weak,39.0,Weak,38.0,Weak,71,Average,53,Average,50,95.60%,0.2,96.10%,NDA,NDA,58,BRIGHTON PARK,58,14.4,23.6,13.9,45.1,39.3,13089,84,4.0,58
215,609866,John C Coonley Elementary School,60618,ES,No,Very Strong,87.0,Strong,65.0,Weak,39.0,Weak,65,Average,56,Strong,58,95.90%,1.4,96.50%,NDA,NDA,5,NORTH CENTER,5,0.3,7.5,5.2,4.5,26.2,57123,6,2.0,5
216,609898,John F Eberhart Elementary School,60629,ES,No,Average,42.0,Weak,33.0,Weak,34.0,Weak,42,Weak,32,NDA,NDA,95.30%,13.1,95.60%,NDA,NDA,66,CHICAGO LAWN,66,7.6,27.9,17.1,31.2,40.6,13231,80,6.0,66
217,609919,John Fiske Elementary School,60637,ES,No,Very Weak,13.0,Weak,37.0,Average,55.0,Weak,40,Weak,35,Average,47,92.90%,37.1,91.70%,NDA,NDA,42,WOODLAWN,42,2.9,30.7,23.4,16.5,36.1,18672,58,4.0,42
218,609718,John F Kennedy High School,60638,HS,No,Average,53.0,Weak,32.0,Weak,27.0,Weak,22,Weak,24,NDA,NDA,83.00%,22.0,94.70%,53.3,52.9,56,GARFIELD RIDGE,56,2.6,8.8,11.3,19.3,38.1,26353,32,1.0,56
219,610263,John Foster Dulles Elementary School,60637,ES,No,Average,42.0,Average,53.0,Average,42.0,Weak,32,Weak,21,Average,51,94.10%,28.2,97.30%,NDA,NDA,69,GREATER GRAND CROSSING,69,3.6,29.6,23.0,16.5,41.0,17285,66,4.0,69
220,610228,John Greenleaf Whittier Elementary School,60608,ES,No,Strong,65.0,Average,45.0,Weak,24.0,Weak,NDA,NDA,NDA,NDA,NDA,94.90%,3.8,96.50%,NDA,NDA,31,LOWER WEST SIDE,31,9.6,25.8,15.8,40.7,32.6,16444,76,3.0,31
221,609694,John Hancock College Preparatory High School,60629,HS,No,Average,51.0,Average,44.0,Average,41.0,Weak,37,Average,42,Average,50,78.20%,7.5,95.90%,56.1,45.9,62,WEST ELSDON,62,11.1,15.6,16.7,37.0,37.7,15754,69,1.0,62
222,609971,John Harvard Elementary School of Excellence,60620,ES,No,Average,51.0,Strong,61.0,Strong,61.0,Weak,43,Weak,36,Average,47,93.00%,8.7,96.00%,NDA,NDA,69,GREATER GRAND CROSSING,69,3.6,29.6,23.0,16.5,41.0,17285,66,4.0,69
223,609975,John Hay Elementary Community Academy,60651,ES,No,Average,44.0,Average,49.0,Strong,61.0,Weak,NDA,NDA,NDA,Average,52,92.90%,30.8,97.10%,NDA,NDA,25,AUSTIN,25,6.3,28.6,22.6,24.4,37.9,15957,73,11.0,25
224,609964,John H Hamline Elementary School,60609,ES,No,Weak,33.0,Weak,29.0,Average,43.0,Weak,17,Weak,33,Weak,44,94.40%,7.5,95.70%,NDA,NDA,61,NEW CITY,61,11.9,29.0,23.0,41.5,38.9,12765,91,4.0,61
225,610026,John H Kinzie Elementary School,60638,ES,No,Strong,64.0,Average,49.0,Average,54.0,Weak,NDA,NDA,NDA,Average,50,95.40%,14.9,95.30%,NDA,NDA,56,GARFIELD RIDGE,56,2.6,8.8,11.3,19.3,38.1,26353,32,1.0,56
226,609782,John J Audubon Elementary School,60618,ES,No,Very Strong,95.0,Strong,75.0,Strong,60.0,Weak,60,Strong,65,Strong,61,96.20%,4.5,96.70%,NDA,NDA,5,NORTH CENTER,5,0.3,7.5,5.2,4.5,26.2,57123,6,2.0,5
227,610126,John J Pershing Elementary Humanities Magnet,60616,ES,No,NDA,,NDA,,NDA,,Weak,70,Strong,78,NDA,NDA,95.50%,19.2,96.70%,NDA,NDA,35,DOUGLAS,35,1.8,29.6,18.2,14.3,30.7,23791,47,3.0,35
228,610054,John L Marsh Elementary School,60617,ES,No,Strong,72.0,Average,53.0,Weak,39.0,Weak,55,Average,48,Average,50,95.70%,5.4,95.50%,NDA,NDA,51,SOUTH DEERING,51,4.0,29.2,16.3,21.0,39.5,14685,65,2.0,51
229,609723,John Marshall Metropolitan High School,60624,HS,No,Average,51.0,Average,45.0,Average,46.0,Weak,49,Average,42,NDA,NDA,74.10%,42.9,95.80%,36.8,45.2,27,EAST GARFIELD PARK,27,8.2,42.4,19.6,21.3,43.2,12961,83,3.0,27
230,609710,John M Harlan Community Academy High School,60628,HS,No,NDA,,NDA,,NDA,,Weak,NDA,NDA,NDA,NDA,NDA,81.20%,21.6,94.40%,47.9,55.7,49,ROSELAND,49,2.5,19.8,20.3,16.9,41.2,17949,52,2.0,49
231,609954,John Milton Gregory Elementary School,60624,ES,No,Average,44.0,Weak,39.0,Average,43.0,Weak,66,Average,59,Average,49,95.20%,3.2,94.60%,NDA,NDA,27,EAST GARFIELD PARK,27,8.2,42.4,19.6,21.3,43.2,12961,83,3.0,27
232,610180,John M Smyth Elementary School,60608,ES,No,Weak,37.0,Average,54.0,Strong,64.0,Weak,NDA,NDA,NDA,Weak,43,92.40%,20.1,93.30%,NDA,NDA,28,NEAR WEST SIDE,28,3.8,20.6,10.7,9.6,22.2,44689,15,4.0,28
233,610199,Johnnie Colemon Elementary Academy,60643,ES,No,Strong,60.0,Average,56.0,Strong,63.0,Weak,NDA,NDA,NDA,Average,53,95.90%,23.4,95.40%,NDA,NDA,53,WEST PULLMAN,53,3.3,25.9,19.4,20.5,42.1,16563,62,1.0,53
234,610111,John Palmer Elementary School,60630,ES,No,Strong,75.0,Strong,61.0,Strong,68.0,Weak,NDA,NDA,NDA,Strong,65,96.30%,12.8,94.80%,NDA,NDA,14,ALBANY PARK,14,11.3,19.2,10.0,32.9,32.0,21323,53,1.0,14
235,609775,John P Altgeld Elementary School,60636,ES,No,Average,48.0,Strong,64.0,Average,58.0,Weak,27,Weak,35,Weak,46,91.90%,32.9,95.50%,NDA,NDA,67,WEST ENGLEWOOD,67,4.8,34.4,35.9,26.3,40.7,11317,89,3.0,67
236,610184,John Spry Elementary Community School,60623,ES,No,Strong,66.0,Strong,70.0,Strong,67.0,Weak,52,Average,43,Weak,46,96.20%,5.9,97.40%,NDA,NDA,30,SOUTH LAWNDALE,30,15.2,30.7,15.8,54.8,33.8,10402,96,1.0,30
237,610269,John T McCutcheon Elementary School,60640,ES,No,Average,56.0,Strong,67.0,Average,41.0,Weak,32,Average,42,Average,52,94.00%,8.8,94.80%,NDA,NDA,3,UPTOWN,3,3.8,24.0,8.9,11.8,22.2,35787,20,4.0,3
238,610130,John T Pirie Fine Arts & Academic Center Elementary School,60619,ES,No,Weak,26.0,Strong,63.0,Strong,62.0,Weak,43,Average,46,NDA,NDA,93.50%,20.8,95.40%,NDA,NDA,44,CHATHAM,44,3.3,27.8,24.0,14.5,40.3,18881,60,1.0,44
239,609864,John W Cook Elementary School,60620,ES,No,NDA,,NDA,,NDA,,Weak,NDA,NDA,NDA,Weak,45,94.00%,26.0,94.00%,NDA,NDA,71,AUBURN GRESHAM,71,4.0,27.6,28.3,18.5,41.9,15528,74,3.0,71
240,610225,John Whistler Elementary School,60643,ES,No,Average,45.0,Average,41.0,Weak,28.0,Weak,20,Weak,21,Average,52,92.40%,11.1,97.00%,NDA,NDA,53,WEST PULLMAN,53,3.3,25.9,19.4,20.5,42.1,16563,62,1.0,53
241,609828,Jonathan Burr Elementary School,60622,ES,No,Strong,71.0,Strong,68.0,Average,51.0,Weak,53,Strong,63,Strong,56,95.90%,4.3,96.90%,NDA,NDA,24,WEST TOWN,24,2.3,14.7,6.6,12.9,21.7,43198,10,3.0,24
242,610159,Jonathan Y Scammon Elementary School,60641,ES,No,Average,44.0,Weak,21.0,Weak,20.0,Weak,NDA,NDA,NDA,Average,48,95.90%,8.0,95.30%,NDA,NDA,16,IRVING PARK,16,6.3,13.1,10.0,22.4,31.6,27249,34,1.0,16
243,609865,Jordan Elementary Community School,60626,ES,No,Strong,61.0,Average,57.0,Average,49.0,Weak,17,Very Weak,15,Average,52,95.60%,16.4,95.10%,NDA,NDA,1,ROGERS PARK,1,7.7,23.6,8.7,18.2,27.5,23939,39,3.0,1
244,610313,Jose De Diego Elementary Community Academy,60622,ES,Yes,Average,57.0,Weak,37.0,Average,40.0,Weak,60,Strong,64,Average,53,95.00%,29.0,96.80%,NDA,NDA,24,WEST TOWN,24,2.3,14.7,6.6,12.9,21.7,43198,10,3.0,24
245,609950,Josefa Ortiz De Dominguez Elementary School,60623,ES,No,NDA,,NDA,,NDA,,Weak,48,Average,54,Average,51,95.80%,3.6,97.00%,NDA,NDA,30,SOUTH LAWNDALE,30,15.2,30.7,15.8,54.8,33.8,10402,96,1.0,30
246,610242,Joseph Brennemann Elementary School,60613,ES,No,Average,50.0,Average,55.0,Average,59.0,Weak,41,Average,54,Average,53,96.50%,13.7,97.70%,NDA,NDA,3,UPTOWN,3,3.8,24.0,8.9,11.8,22.2,35787,20,4.0,3
247,609938,Joseph E Gary Elementary School,60623,ES,No,Weak,32.0,Weak,29.0,Weak,28.0,Weak,29,Very Weak,17,Weak,45,96.10%,16.8,96.20%,NDA,NDA,30,SOUTH LAWNDALE,30,15.2,30.7,15.8,54.8,33.8,10402,96,1.0,30
248,610041,Josephine C Locke Elementary School,60634,ES,No,Average,57.0,Average,49.0,Average,56.0,Weak,44,Average,45,Average,47,95.50%,2.2,95.10%,NDA,NDA,18,MONTCLARE,18,8.1,15.3,13.8,23.5,38.6,22014,50,1.0,18
249,610015,Joseph Jungman Elementary School,60608,ES,No,Weak,36.0,Average,56.0,Average,53.0,Weak,20,Average,43,Average,48,96.40%,5.3,96.30%,NDA,NDA,31,LOWER WEST SIDE,31,9.6,25.8,15.8,40.7,32.6,16444,76,3.0,31
250,609925,Joseph Kellman Corporate Community Elementary School,60612,ES,No,Average,58.0,Average,42.0,Average,45.0,Weak,37,Average,50,Strong,59,95.20%,4.4,95.80%,NDA,NDA,27,EAST GARFIELD PARK,27,8.2,42.4,19.6,21.3,43.2,12961,83,3.0,27
251,610043,Joseph Lovett Elementary School,60639,ES,No,Average,43.0,Weak,32.0,Weak,22.0,Weak,NDA,NDA,NDA,Average,49,95.40%,16.1,95.40%,NDA,NDA,25,AUSTIN,25,6.3,28.6,22.6,24.4,37.9,15957,73,11.0,25
252,610189,Joseph Stockton Elementary School,60640,ES,No,Weak,37.0,Average,51.0,Strong,68.0,Weak,NDA,NDA,NDA,NDA,NDA,94.90%,11.0,95.30%,NDA,NDA,3,UPTOWN,3,3.8,24.0,8.9,11.8,22.2,35787,20,4.0,3
253,610218,Joseph Warren Elementary School,60617,ES,No,Weak,33.0,Average,49.0,Average,40.0,Weak,NDA,NDA,NDA,Weak,46,95.00%,21.6,95.30%,NDA,NDA,48,CALUMET HEIGHTS,48,2.1,11.5,20.0,11.0,44.0,28887,38,2.0,48
254,610019,Joshua D Kershaw Elementary School,60621,ES,No,Strong,62.0,Strong,69.0,Average,56.0,Weak,50,Average,59,Strong,58,94.80%,8.2,96.00%,NDA,NDA,68,ENGLEWOOD,68,3.8,46.6,28.0,28.5,42.5,11888,94,4.0,68
255,610129,Josiah Pickard Elementary School,60608,ES,No,Average,50.0,Weak,35.0,Weak,37.0,Weak,32,Weak,34,Average,48,95.80%,5.1,96.40%,NDA,NDA,31,LOWER WEST SIDE,31,9.6,25.8,15.8,40.7,32.6,16444,76,3.0,31
256,610022,Joyce Kilmer Elementary School,60626,ES,No,NDA,,NDA,,NDA,,Weak,43,Average,42,Average,49,96.00%,15.6,96.90%,NDA,NDA,1,ROGERS PARK,1,7.7,23.6,8.7,18.2,27.5,23939,39,3.0,1
257,610253,Julia C Lathrop Elementary School,60623,ES,No,Strong,67.0,Average,58.0,Weak,26.0,Weak,NDA,NDA,NDA,Weak,40,90.50%,113.5,95.50%,NDA,NDA,29,NORTH LAWNDALE,29,7.4,43.1,21.2,27.6,42.7,12034,87,6.0,29
258,610000,Julia Ward Howe Elementary School of Excellence,60644,ES,No,Strong,67.0,Very Strong,90.0,Strong,69.0,Weak,59,Strong,67,Strong,57,96.00%,7.7,97.10%,NDA,NDA,25,AUSTIN,25,6.3,28.6,22.6,24.4,37.9,15957,73,11.0,25
259,610280,Kate S Buckingham Special Education Center,60617,ES,No,Weak,31.0,Weak,24.0,Weak,20.0,Weak,NDA,NDA,NDA,NDA,NDA,83.40%,116.9,94.40%,NDA,NDA,48,CALUMET HEIGHTS,48,2.1,11.5,20.0,11.0,44.0,28887,38,2.0,48
260,610395,Pershing West Middle School,60616,MS,No,Average,46.0,Weak,34.0,Average,55.0,Weak,76,Average,58,NDA,NDA,96.20%,3.7,97.60%,NDA,NDA,35,DOUGLAS,35,1.8,29.6,18.2,14.3,30.7,23791,47,3.0,35
261,609716,Kelvyn Park High School,60639,HS,No,Weak,32.0,Weak,32.0,Weak,28.0,Weak,19,Average,43,NDA,NDA,74.40%,12.9,94.50%,54.1,35,20,HERMOSA,20,6.9,20.5,13.1,41.6,36.4,15089,71,1.0,20
262,609719,Lake View High School,60613,HS,No,Strong,64.0,Average,52.0,Average,43.0,Weak,NDA,NDA,NDA,Average,49,87.70%,8.5,96.20%,81.4,62.8,6,LAKE VIEW,6,1.1,11.4,4.7,2.6,17.0,60058,5,3.0,6
263,610368,Langston Hughes Elementary School,60628,ES,No,Weak,28.0,Very Weak,16.0,Weak,30.0,Weak,62,Average,48,Weak,46,90.00%,27.5,95.50%,NDA,NDA,49,ROSELAND,49,2.5,19.8,20.3,16.9,41.2,17949,52,2.0,49
264,610033,LaSalle Elementary Language Academy,60614,ES,No,Very Strong,99.0,Strong,62.0,Average,52.0,Weak,39,Average,43,Average,53,96.80%,7.0,97.60%,NDA,NDA,7,LINCOLN PARK,7,0.8,12.3,5.1,3.6,21.5,71551,2,3.0,7
265,610520,LaSalle II Magnet Elementary School,60622,ES,No,Strong,66.0,Weak,36.0,Average,52.0,Weak,83,Strong,79,Strong,55,95.10%,5.6,94.80%,NDA,NDA,24,WEST TOWN,24,2.3,14.7,6.6,12.9,21.7,43198,10,3.0,24
266,609910,Laughlin Falconer Elementary School,60641,ES,No,Average,54.0,Average,48.0,Weak,27.0,Weak,22,Weak,30,Average,49,96.10%,5.7,97.00%,NDA,NDA,19,BELMONT CRAGIN,19,10.8,18.7,14.6,37.3,37.3,15461,70,1.0,19
267,610133,Laura S Ward Elementary School,60624,ES,No,NDA,,NDA,,NDA,,Weak,NDA,NDA,NDA,NDA,NDA,92.90%,3.9,97.50%,NDA,NDA,23,HUMBOLDT PARK,23,14.8,33.9,17.3,35.4,38.0,13781,85,7.0,23
268,610034,Lawndale Elementary Community Academy,60623,ES,No,NDA,,NDA,,NDA,,Weak,NDA,NDA,NDA,NDA,NDA,91.00%,18.8,94.80%,NDA,NDA,29,NORTH LAWNDALE,29,7.4,43.1,21.2,27.6,42.7,12034,87,6.0,29
269,610024,Lazaro Cardenas Elementary School,60623,ES,No,NDA,,NDA,,NDA,,Weak,62,Average,58,Average,52,96.30%,3.2,98.50%,NDA,NDA,30,SOUTH LAWNDALE,30,15.2,30.7,15.8,54.8,33.8,10402,96,1.0,30
270,609907,Leif Ericson Elementary Scholastic Academy,60624,ES,No,Weak,33.0,Average,49.0,Average,52.0,Weak,NDA,NDA,NDA,Weak,45,94.70%,20.8,95.10%,NDA,NDA,27,EAST GARFIELD PARK,27,8.2,42.4,19.6,21.3,43.2,12961,83,3.0,27
271,610298,Lenart Elementary Regional Gifted Center,60620,ES,No,Strong,79.0,Average,51.0,Strong,67.0,Weak,50,Strong,63,Average,52,97.40%,0.3,97.80%,NDA,NDA,44,CHATHAM,44,3.3,27.8,24.0,14.5,40.3,18881,60,1.0,44
272,610036,Leslie Lewis Elementary School,60651,ES,No,Weak,21.0,Weak,36.0,Strong,64.0,Weak,30,Average,48,Weak,42,91.80%,37.7,95.30%,NDA,NDA,25,AUSTIN,25,6.3,28.6,22.6,24.4,37.9,15957,73,11.0,25
273,609738,Lincoln Park High School,60614,HS,No,Strong,65.0,Average,44.0,Average,49.0,Weak,45,Average,45,NDA,NDA,84.60%,9.2,96.00%,77.9,75.5,7,LINCOLN PARK,7,0.8,12.3,5.1,3.6,21.5,71551,2,3.0,7
274,609807,Lionel Hampton Fine & Performing Arts Elementary School,60652,ES,No,Average,42.0,Weak,34.0,Weak,28.0,Weak,NDA,NDA,NDA,Weak,46,95.00%,94.9,96.60%,NDA,NDA,70,ASHBURN,70,4.0,10.4,11.7,17.7,36.9,23482,37,4.0,70
275,609834,Little Village Elementary School,60623,ES,No,Average,45.0,Average,52.0,Strong,66.0,Weak,45,Average,43,Average,47,96.70%,3.2,96.70%,NDA,NDA,30,SOUTH LAWNDALE,30,15.2,30.7,15.8,54.8,33.8,10402,96,1.0,30
276,609809,Lorenz Brentano Math & Science Academy Elementary School,60647,ES,No,Average,57.0,Average,43.0,Average,46.0,Weak,30,Weak,32,NDA,NDA,94.70%,9.2,97.70%,NDA,NDA,22,LOGAN SQUARE,22,3.2,16.8,8.2,14.8,26.2,31908,23,2.0,22
277,609773,Louis A Agassiz Elementary School,60657,ES,No,Average,53.0,Weak,23.0,Weak,21.0,Weak,NDA,NDA,NDA,Strong,56,95.20%,32.6,96.80%,NDA,NDA,6,LAKE VIEW,6,1.1,11.4,4.7,2.6,17.0,60058,5,3.0,6
278,609774,Louisa May Alcott Elementary School,60614,ES,No,NDA,,NDA,,NDA,,Weak,56,Average,57,Strong,60,96.60%,3.7,97.10%,NDA,NDA,7,LINCOLN PARK,7,0.8,12.3,5.1,3.6,21.5,71551,2,3.0,7
279,610156,Louis Armstrong Math & Science Elementary School,60644,ES,No,Average,42.0,Average,49.0,Strong,62.0,Weak,NDA,NDA,NDA,Strong,59,92.60%,83.4,97.90%,NDA,NDA,25,AUSTIN,25,6.3,28.6,22.6,24.4,37.9,15957,73,11.0,25
280,610094,Louis Nettelhorst Elementary School,60657,ES,No,Average,58.0,Weak,34.0,Weak,30.0,Weak,NDA,NDA,NDA,NDA,NDA,95.50%,5.3,95.90%,NDA,NDA,6,LAKE VIEW,6,1.1,11.4,4.7,2.6,17.0,60058,5,3.0,6
281,610117,Louis Pasteur Elementary School,60629,ES,No,Average,50.0,Average,42.0,Weak,38.0,Weak,NDA,NDA,NDA,NDA,NDA,95.00%,5.0,95.80%,NDA,NDA,62,WEST ELSDON,62,11.1,15.6,16.7,37.0,37.7,15754,69,1.0,62
282,610237,Ludwig Van Beethoven Elementary School,60609,ES,No,Average,40.0,Average,58.0,Average,59.0,Weak,NDA,NDA,NDA,Weak,46,93.70%,11.4,94.70%,NDA,NDA,38,GRAND BOULEVARD,38,3.3,29.3,24.3,15.9,39.5,23472,57,2.0,38
283,610108,Luke O'Toole Elementary School,60636,ES,No,Very Weak,5.0,Weak,33.0,Average,40.0,Weak,NDA,NDA,NDA,Weak,45,89.20%,26.7,94.60%,NDA,NDA,67,WEST ENGLEWOOD,67,4.8,34.4,35.9,26.3,40.7,11317,89,3.0,67
284,609818,Luther Burbank Elementary School,60639,ES,No,Weak,37.0,Average,42.0,Weak,34.0,Weak,NDA,NDA,NDA,Average,47,95.20%,9.8,95.50%,NDA,NDA,19,BELMONT CRAGIN,19,10.8,18.7,14.6,37.3,37.3,15461,70,1.0,19
285,609817,Lyman A Budlong Elementary School,60625,ES,No,Average,59.0,Weak,33.0,Weak,38.0,Weak,44,Average,41,Average,50,95.40%,3.9,95.70%,NDA,NDA,4,LINCOLN SQUARE,4,3.4,10.9,8.2,13.4,25.5,37524,17,1.0,4
286,610369,Mahalia Jackson Elementary School,60620,ES,No,Weak,38.0,Average,54.0,Strong,66.0,Weak,NDA,NDA,NDA,Weak,46,92.50%,35.7,94.60%,NDA,NDA,71,AUBURN GRESHAM,71,4.0,27.6,28.3,18.5,41.9,15528,74,3.0,71
287,610197,Mancel Talcott Elementary School,60622,ES,No,Strong,63.0,Average,59.0,Strong,71.0,Weak,53,Average,55,Average,51,95.80%,3.2,96.90%,NDA,NDA,24,WEST TOWN,24,2.3,14.7,6.6,12.9,21.7,43198,10,3.0,24
288,609722,Manley Career Academy High School,60612,HS,No,Average,41.0,Average,43.0,Weak,31.0,Weak,19,Weak,32,NDA,NDA,66.80%,19.7,95.40%,49,51.9,27,EAST GARFIELD PARK,27,8.2,42.4,19.6,21.3,43.2,12961,83,3.0,27
289,609872,Manuel Perez Elementary School,60608,ES,Yes,Average,45.0,Average,42.0,Average,45.0,Weak,NDA,NDA,NDA,Average,52,95.90%,7.3,96.60%,NDA,NDA,31,LOWER WEST SIDE,31,9.6,25.8,15.8,40.7,32.6,16444,76,3.0,31
290,610544,Mariano Azuela Elementary School,60629,ES,No,Average,54.0,Strong,61.0,Very Strong,81.0,Weak,73,Very Strong,84,Average,47,95.50%,19.7,0.00%,NDA,NDA,65,WEST LAWN,65,5.8,14.9,9.6,33.6,39.6,16907,56,2.0,65
291,610017,Maria Saucedo Elementary Scholastic Academy,60623,ES,No,Strong,60.0,Average,55.0,Strong,64.0,Weak,NDA,NDA,NDA,Weak,43,96.80%,19.4,96.90%,NDA,NDA,30,SOUTH LAWNDALE,30,15.2,30.7,15.8,54.8,33.8,10402,96,1.0,30
292,610502,Marine Military Math and Science Academy,60612,HS,No,Average,41.0,Weak,38.0,Weak,34.0,Weak,53,Weak,35,Strong,54,91.30%,4.5,95.30%,NDA,NDA,28,NEAR WEST SIDE,28,3.8,20.6,10.7,9.6,22.2,44689,15,4.0,28
293,610177,Mark Skinner Elementary School,60607,ES,No,Very Strong,87.0,Average,48.0,Average,53.0,Weak,NDA,NDA,NDA,NDA,NDA,97.10%,0.0,94.90%,NDA,NDA,28,NEAR WEST SIDE,28,3.8,20.6,10.7,9.6,22.2,44689,15,4.0,28
294,610206,Mark Twain Elementary School,60638,ES,No,Strong,67.0,Average,46.0,Average,44.0,Weak,84,Strong,71,Strong,60,96.30%,5.3,97.80%,NDA,NDA,56,GARFIELD RIDGE,56,2.6,8.8,11.3,19.3,38.1,26353,32,1.0,56
295,610053,Marquette Elementary School,60629,ES,No,Very Weak,15.0,Very Weak,17.0,Very Weak,17.0,Weak,NDA,NDA,NDA,Weak,43,93.10%,64.6,95.30%,NDA,NDA,66,CHICAGO LAWN,66,7.6,27.9,17.1,31.2,40.6,13231,80,6.0,66
296,610152,Martha Ruggles Elementary School,60619,ES,No,Average,43.0,Weak,37.0,Average,41.0,Weak,NDA,NDA,NDA,Average,48,93.90%,30.9,96.70%,NDA,NDA,69,GREATER GRAND CROSSING,69,3.6,29.6,23.0,16.5,41.0,17285,66,4.0,69
297,610154,Martin A Ryerson Elementary School,60624,ES,No,Average,40.0,Average,48.0,Average,43.0,Weak,41,Weak,37,Weak,45,95.50%,95.1,96.80%,NDA,NDA,23,HUMBOLDT PARK,23,14.8,33.9,17.3,35.4,38.0,13781,85,7.0,23
298,610539,Marvin Camras Elementary School,60634,ES,No,Average,54.0,Weak,37.0,Average,41.0,Weak,83,Very Strong,88,Average,51,95.10%,4.3,0.00%,NDA,NDA,19,BELMONT CRAGIN,19,10.8,18.7,14.6,37.3,37.3,15461,70,1.0,19
299,610355,Mary E Courtenay Elementary Language Arts Center,60613,ES,No,Very Strong,99.0,Very Strong,95.0,Very Strong,80.0,Weak,NDA,NDA,NDA,Strong,59,94.90%,10.8,94.20%,NDA,NDA,6,LAKE VIEW,6,1.1,11.4,4.7,2.6,17.0,60058,5,3.0,6
300,610312,Mary E McDowell Elementary School,60619,ES,No,NDA,,NDA,,NDA,,Weak,74,Average,53,NDA,NDA,95.50%,3.1,96.10%,NDA,NDA,48,CALUMET HEIGHTS,48,2.1,11.5,20.0,11.0,44.0,28887,38,2.0,48
301,610046,Mary Lyon Elementary School,60634,ES,No,Average,55.0,Average,42.0,Weak,38.0,Weak,NDA,NDA,NDA,Weak,45,95.90%,3.7,97.00%,NDA,NDA,19,BELMONT CRAGIN,19,10.8,18.7,14.6,37.3,37.3,15461,70,1.0,19
302,609888,Mary Mapes Dodge Elementary Renaissance Academy,60612,ES,No,Average,57.0,Strong,68.0,Strong,73.0,Weak,77,Very Strong,83,Strong,56,94.40%,12.7,97.10%,NDA,NDA,27,EAST GARFIELD PARK,27,8.2,42.4,19.6,21.3,43.2,12961,83,3.0,27
303,610365,Mary McLeod Bethune Elementary School,60612,ES,No,Average,53.0,Average,53.0,Weak,39.0,Weak,31,Average,46,Strong,56,93.30%,25.8,97.60%,NDA,NDA,27,EAST GARFIELD PARK,27,8.2,42.4,19.6,21.3,43.2,12961,83,3.0,27
304,610535,Mason High School,60623,HS,No,Average,50.0,Average,59.0,Average,59.0,Weak,NDA,NDA,NDA,Average,50,90.40%,44.3,0.00%,NDA,NDA,29,NORTH LAWNDALE,29,7.4,43.1,21.2,27.6,42.7,12034,87,6.0,29
305,610240,Matthew A Henson Elementary School,60623,ES,No,Weak,37.0,Weak,34.0,Weak,22.0,Weak,NDA,NDA,NDA,Strong,55,90.90%,13.2,95.70%,NDA,NDA,29,NORTH LAWNDALE,29,7.4,43.1,21.2,27.6,42.7,12034,87,6.0,29
306,609928,Melville W Fuller Elementary School,60653,ES,No,Weak,22.0,Weak,32.0,Weak,33.0,Weak,NDA,NDA,NDA,Average,51,91.80%,40.2,93.90%,NDA,NDA,38,GRAND BOULEVARD,38,3.3,29.3,24.3,15.9,39.5,23472,57,2.0,38
307,610055,Michael Faraday Elementary School,60624,ES,No,Weak,35.0,Strong,65.0,Strong,66.0,Weak,NDA,NDA,NDA,Average,50,93.30%,39.4,94.60%,NDA,NDA,27,EAST GARFIELD PARK,27,8.2,42.4,19.6,21.3,43.2,12961,83,3.0,27
308,609832,Michael M Byrne Elementary School,60638,ES,No,Strong,63.0,Weak,35.0,Weak,38.0,Weak,59,Average,57,Average,49,94.60%,51.8,95.80%,NDA,NDA,56,GARFIELD RIDGE,56,2.6,8.8,11.3,19.3,38.1,26353,32,1.0,56
309,610244,Michele Clark Academic Prep Magnet High School,60644,HS,No,NDA,,NDA,,NDA,,Weak,NDA,NDA,NDA,Average,48,79.10%,24.4,95.40%,87.4,60.4,25,AUSTIN,25,6.3,28.6,22.6,24.4,37.9,15957,73,11.0,25
310,610208,Mildred I Lavizzo Elementary School,60628,ES,No,Very Weak,15.0,Average,41.0,Average,46.0,Weak,39,Weak,30,Average,48,91.50%,39.1,95.00%,NDA,NDA,49,ROSELAND,49,2.5,19.8,20.3,16.9,41.2,17949,52,2.0,49
311,609830,Milton Brunson Math & Science Specialty Elementary School,60651,ES,No,Weak,30.0,Weak,30.0,Average,45.0,Weak,NDA,NDA,NDA,Average,47,91.30%,16.6,95.00%,NDA,NDA,25,AUSTIN,25,6.3,28.6,22.6,24.4,37.9,15957,73,11.0,25
312,610011,Minnie Mars Jamieson Elementary School,60659,ES,No,Strong,64.0,Strong,62.0,Strong,66.0,Weak,55,Average,41,Average,52,95.70%,8.1,96.20%,NDA,NDA,2,WEST RIDGE,2,7.8,17.2,8.8,20.8,38.5,23040,46,2.0,2
313,610257,Morton School of Excellence,60612,ES,No,Average,53.0,Strong,66.0,Strong,63.0,Weak,86,Very Strong,95,Average,52,93.60%,73.9,97.10%,NDA,NDA,23,HUMBOLDT PARK,23,14.8,33.9,17.3,35.4,38.0,13781,85,7.0,23
314,610075,Moses Montefiore Special Elementary School,60608,ES,No,Weak,28.0,Average,42.0,Very Weak,14.0,Weak,NDA,NDA,NDA,Weak,46,80.40%,251.6,93.50%,NDA,NDA,28,NEAR WEST SIDE,28,3.8,20.6,10.7,9.6,22.2,44689,15,4.0,28
315,610385,Multicultural Academy of Scholarship,60623,HS,No,Average,48.0,Average,47.0,Average,42.0,Weak,NDA,NDA,NDA,Strong,56,89.20%,22.4,96.70%,58,58.5,30,SOUTH LAWNDALE,30,15.2,30.7,15.8,54.8,33.8,10402,96,1.0,30
316,609806,Myra Bradwell Communications Arts & Sciences Elementary School,60649,ES,No,Weak,31.0,Average,41.0,Average,50.0,Weak,52,Average,54,Average,49,92.10%,75.9,96.40%,NDA,NDA,43,SOUTH SHORE,43,2.8,31.1,20.0,14.0,35.7,19398,55,2.0,43
317,609952,Nathanael Greene Elementary School,60609,ES,Yes,NDA,,NDA,,NDA,,Weak,NDA,NDA,NDA,Average,48,95.50%,3.8,96.20%,NDA,NDA,59,MCKINLEY PARK,59,7.2,18.7,13.4,32.9,35.6,16954,61,1.0,59
318,610134,Nathaniel Pope Elementary School,60623,ES,No,Average,48.0,Strong,73.0,Very Strong,83.0,Weak,NDA,NDA,NDA,NDA,NDA,91.60%,54.2,95.80%,NDA,NDA,29,NORTH LAWNDALE,29,7.4,43.1,21.2,27.6,42.7,12034,87,6.0,29
319,610348,Nathan R Goldblatt Elementary School,60624,ES,No,Average,49.0,Very Strong,80.0,Very Strong,99.0,Weak,NDA,NDA,NDA,Average,53,92.90%,57.7,95.60%,NDA,NDA,26,WEST GARFIELD PARK,26,9.4,41.7,25.8,24.5,43.6,10934,92,4.0,26
320,609876,Nathan S Davis Elementary School,60632,ES,No,Average,43.0,Average,41.0,Average,46.0,Weak,NDA,NDA,NDA,Average,48,95.10%,2.4,95.90%,NDA,NDA,58,BRIGHTON PARK,58,14.4,23.6,13.9,45.1,39.3,13089,84,4.0,58
321,609692,Neal F Simeon Career Academy High School,60620,HS,No,Average,52.0,Weak,33.0,Average,42.0,Weak,NDA,NDA,NDA,NDA,NDA,78.60%,2.1,94.30%,75.2,74,44,CHATHAM,44,3.3,27.8,24.0,14.5,40.3,18881,60,1.0,44
322,610085,Near North Elementary School,60642,ES,No,Average,50.0,Weak,27.0,Weak,23.0,Weak,NDA,NDA,NDA,NDA,NDA,80.20%,58.3,94.80%,NDA,NDA,24,WEST TOWN,24,2.3,14.7,6.6,12.9,21.7,43198,10,3.0,24
323,610284,New Field Elementary School,60626,ES,No,NDA,,NDA,,NDA,,Weak,NDA,NDA,NDA,Average,51,96.20%,3.1,95.60%,NDA,NDA,1,ROGERS PARK,1,7.7,23.6,8.7,18.2,27.5,23939,39,3.0,1
324,610323,New Millennium High School of Health at Bowen,60617,HS,No,Very Weak,17.0,Weak,37.0,Weak,25.0,Weak,29,Very Weak,6,NDA,NDA,75.60%,61.8,94.70%,67.2,52.4,46,SOUTH CHICAGO,46,4.7,29.8,19.7,26.6,41.1,16579,75,3.0,46
325,609792,Newton Bateman Elementary School,60618,ES,No,Average,55.0,Average,50.0,Average,47.0,Weak,25,Weak,34,Average,52,96.20%,0.2,96.70%,NDA,NDA,16,IRVING PARK,16,6.3,13.1,10.0,22.4,31.6,27249,34,1.0,16
326,609793,Nicholson Technology Academy,60621,ES,No,Average,48.0,Strong,74.0,Strong,73.0,Weak,42,Weak,39,NDA,NDA,93.40%,6.0,97.00%,NDA,NDA,68,ENGLEWOOD,68,3.8,46.6,28.0,28.5,42.5,11888,94,4.0,68
327,609961,Ninos Heroes Elementary Academic Center,60617,ES,No,Weak,36.0,Strong,61.0,Average,55.0,Weak,NDA,NDA,NDA,Average,48,93.90%,25.9,95.00%,NDA,NDA,46,SOUTH CHICAGO,46,4.7,29.8,19.7,26.6,41.1,16579,75,3.0,46
328,609691,North-Grand High School,60639,HS,No,Average,42.0,Weak,39.0,Weak,25.0,Weak,NDA,NDA,NDA,NDA,NDA,88.60%,15.3,95.60%,69.7,41.3,23,HUMBOLDT PARK,23,14.8,33.9,17.3,35.4,38.0,13781,85,7.0,23
329,610354,North River Elementary School,60625,ES,No,Strong,67.0,Average,53.0,Average,51.0,Weak,47,Average,47,Average,50,95.60%,20.1,96.00%,NDA,NDA,14,ALBANY PARK,14,11.3,19.2,10.0,32.9,32.0,21323,53,1.0,14
330,610051,Northwest Middle School,60639,MS,No,Weak,34.0,Very Weak,17.0,Very Weak,13.0,Weak,NDA,NDA,NDA,NDA,NDA,93.40%,2.2,95.10%,NDA,NDA,19,BELMONT CRAGIN,19,10.8,18.7,14.6,37.3,37.3,15461,70,1.0,19
331,610529,Ogden International High School,60622,HS,No,Average,56.0,Weak,39.0,Weak,24.0,Weak,NDA,NDA,NDA,NDA,NDA,94.20%,13.7,0.00%,NDA,NDA,24,WEST TOWN,24,2.3,14.7,6.6,12.9,21.7,43198,10,3.0,24
332,610300,Oliver S Westcott Elementary School,60620,ES,No,Weak,30.0,Average,48.0,Average,54.0,Weak,47,Average,47,Weak,46,92.60%,31.5,94.80%,NDA,NDA,44,CHATHAM,44,3.3,27.8,24.0,14.5,40.3,18881,60,1.0,44
333,609997,Oliver Wendell Holmes Elementary School,60621,ES,No,Weak,21.0,Weak,23.0,Average,41.0,Weak,NDA,NDA,NDA,Average,48,87.00%,139.8,92.40%,NDA,NDA,68,ENGLEWOOD,68,3.8,46.6,28.0,28.5,42.5,11888,94,4.0,68
334,610329,Orozco Fine Arts & Sciences Elementary School,60608,ES,No,Average,55.0,Weak,34.0,Average,44.0,Weak,NDA,NDA,NDA,Average,50,97.60%,1.4,96.40%,NDA,NDA,31,LOWER WEST SIDE,31,9.6,25.8,15.8,40.7,32.6,16444,76,3.0,31
335,610389,Orr Academy High School,60624,HS,No,NDA,,NDA,,NDA,,Weak,NDA,NDA,NDA,NDA,NDA,66.30%,10.2,95.00%,NDA,51.9,23,HUMBOLDT PARK,23,14.8,33.9,17.3,35.4,38.0,13781,85,7.0,23
336,609811,Orville T Bright Elementary School,60617,ES,No,Very Weak,18.0,Weak,28.0,Weak,27.0,Weak,NDA,NDA,NDA,Weak,41,92.20%,55.7,95.30%,NDA,NDA,51,SOUTH DEERING,51,4.0,29.2,16.3,21.0,39.5,14685,65,2.0,51
337,610367,Oscar DePriest Elementary School,60644,ES,No,Weak,35.0,Average,47.0,Average,53.0,Weak,51,Weak,39,Average,47,92.70%,20.0,95.60%,NDA,NDA,25,AUSTIN,25,6.3,28.6,22.6,24.4,37.9,15957,73,11.0,25
338,610059,Oscar F Mayer Elementary School,60614,ES,No,Strong,67.0,Weak,35.0,Average,46.0,Weak,NDA,NDA,NDA,NDA,NDA,95.00%,11.4,95.20%,NDA,NDA,7,LINCOLN PARK,7,0.8,12.3,5.1,3.6,21.5,71551,2,3.0,7
339,610021,Pablo Casals Elementary School,60651,ES,No,NDA,,NDA,,NDA,,Weak,NDA,NDA,NDA,Weak,42,92.00%,47.1,95.90%,NDA,NDA,23,HUMBOLDT PARK,23,14.8,33.9,17.3,35.4,38.0,13781,85,7.0,23
340,610115,Park Manor Elementary School,60637,ES,No,Weak,28.0,Average,42.0,Average,48.0,Weak,69,Strong,67,Strong,55,94.90%,16.6,96.30%,NDA,NDA,69,GREATER GRAND CROSSING,69,3.6,29.6,23.0,16.5,41.0,17285,66,4.0,69
341,610116,Parkside Elementary Community Academy,60649,ES,No,NDA,,NDA,,NDA,,Weak,NDA,NDA,NDA,Weak,42,89.80%,90.7,94.90%,NDA,NDA,43,SOUTH SHORE,43,2.8,31.1,20.0,14.0,35.7,19398,55,2.0,43
342,609988,Patrick Henry Elementary School,60618,ES,No,Average,45.0,Average,46.0,Average,43.0,Weak,68,Average,45,Average,52,95.10%,4.3,95.90%,NDA,NDA,16,IRVING PARK,16,6.3,13.1,10.0,22.4,31.6,27249,34,1.0,16
343,610003,Paul Cuffe Math-Science Technology Academy Elementary School,60620,ES,No,Average,51.0,Average,45.0,Average,54.0,Weak,66,Very Strong,83,Average,48,93.60%,46.9,95.40%,NDA,NDA,71,AUBURN GRESHAM,71,4.0,27.6,28.3,18.5,41.9,15528,74,3.0,71
344,609676,Paul Laurence Dunbar Career Academy High School,60616,HS,No,Weak,29.0,Weak,31.0,Weak,37.0,Weak,57,Average,49,NDA,NDA,76.90%,21.5,96.00%,61.7,51.5,35,DOUGLAS,35,1.8,29.6,18.2,14.3,30.7,23791,47,3.0,35
345,610146,Paul Revere Elementary School,60619,ES,No,Weak,36.0,Average,42.0,Average,56.0,Weak,NDA,NDA,NDA,Average,49,92.40%,33.3,94.60%,NDA,NDA,69,GREATER GRAND CROSSING,69,3.6,29.6,23.0,16.5,41.0,17285,66,4.0,69
346,609707,Paul Robeson High School,60621,HS,No,Weak,29.0,Weak,33.0,Average,40.0,Weak,NDA,NDA,NDA,NDA,NDA,73.50%,26.4,94.70%,40.6,42.2,68,ENGLEWOOD,68,3.8,46.6,28.0,28.5,42.5,11888,94,4.0,68
347,609791,Perkins Bass Elementary School,60621,ES,No,Weak,28.0,Average,47.0,Average,57.0,Weak,52,Average,42,Average,47,92.10%,28.9,96.40%,NDA,NDA,68,ENGLEWOOD,68,3.8,46.6,28.0,28.5,42.5,11888,94,4.0,68
348,610299,William A Hinton Elementary School,60621,ES,No,Very Weak,18.0,Weak,30.0,Weak,29.0,Weak,NDA,NDA,NDA,Weak,45,91.70%,28.9,95.10%,NDA,NDA,68,ENGLEWOOD,68,3.8,46.6,28.0,28.5,42.5,11888,94,4.0,68
349,610145,Peter A Reinberg Elementary School,60634,ES,No,Strong,60.0,Weak,35.0,Weak,30.0,Weak,60,Average,54,Average,47,95.80%,8.2,95.70%,NDA,NDA,15,PORTAGE PARK,15,4.1,11.6,12.6,19.3,34.0,24336,35,1.0,15
350,609867,Peter Cooper Elementary Dual Language Academy,60608,ES,No,NDA,,NDA,,NDA,,Weak,NDA,NDA,NDA,NDA,NDA,96.20%,5.7,96.30%,NDA,NDA,31,LOWER WEST SIDE,31,9.6,25.8,15.8,40.7,32.6,16444,76,3.0,31
351,610147,Philip Rogers Elementary School,60645,ES,No,Very Strong,81.0,Strong,68.0,Strong,62.0,Weak,75,Strong,64,Average,53,96.40%,3.0,95.10%,NDA,NDA,2,WEST RIDGE,2,7.8,17.2,8.8,20.8,38.5,23040,46,2.0,2
352,609981,Phobe Apperson Hearst Elementary School,60638,ES,No,Weak,33.0,Weak,31.0,Weak,27.0,Weak,NDA,NDA,NDA,Weak,45,92.10%,25.5,95.80%,NDA,NDA,56,GARFIELD RIDGE,56,2.6,8.8,11.3,19.3,38.1,26353,32,1.0,56
353,610304,Phoenix Military Academy High School,60612,HS,No,Average,53.0,Average,59.0,Strong,78.0,Weak,NDA,NDA,NDA,Average,52,92.10%,4.3,97.40%,74.8,51.3,28,NEAR WEST SIDE,28,3.8,20.6,10.7,9.6,22.2,44689,15,4.0,28
354,610013,Pilsen Elementary Community Academy,60608,ES,No,Average,43.0,Average,49.0,Average,55.0,Weak,16,Weak,37,NDA,NDA,96.00%,9.4,96.70%,NDA,NDA,31,LOWER WEST SIDE,31,9.6,25.8,15.8,40.7,32.6,16444,76,3.0,31
355,610135,Portage Park Elementary School,60641,ES,No,Strong,62.0,Average,46.0,Weak,32.0,Weak,NDA,NDA,NDA,Average,48,94.20%,3.7,95.90%,NDA,NDA,15,PORTAGE PARK,15,4.1,11.6,12.6,19.3,34.0,24336,35,1.0,15
356,610138,Pulaski International Academy Elmentary School,60647,ES,No,Strong,68.0,Average,54.0,Average,57.0,Weak,26,Weak,23,Average,47,96.10%,1.7,96.20%,NDA,NDA,22,LOGAN SQUARE,22,3.2,16.8,8.2,14.8,26.2,31908,23,2.0,22
357,609842,Rachel Carson Elementary School,60629,ES,No,Weak,38.0,Average,45.0,Average,56.0,Weak,26,Weak,36,Average,50,97.60%,3.9,97.70%,NDA,NDA,63,GAGE PARK,63,15.8,23.4,18.2,51.5,38.8,12171,93,1.0,63
358,609902,Ralph H Metcalfe Elementary Community Academy,60628,ES,No,NDA,,NDA,,NDA,,Weak,NDA,NDA,NDA,Average,48,94.90%,22.3,95.50%,NDA,NDA,53,WEST PULLMAN,53,3.3,25.9,19.4,20.5,42.1,16563,62,1.0,53
359,610141,Ravenswood Elementary School,60613,ES,No,Average,46.0,Average,42.0,Average,41.0,Weak,NDA,NDA,NDA,Average,53,94.90%,8.1,95.70%,NDA,NDA,6,LAKE VIEW,6,1.1,11.4,4.7,2.6,17.0,60058,5,3.0,6
360,610291,Richard Henry Lee Elementary School,60629,ES,No,Average,59.0,Average,46.0,Weak,35.0,Weak,NDA,NDA,NDA,NDA,NDA,95.00%,21.8,95.30%,NDA,NDA,65,WEST LAWN,65,5.8,14.9,9.6,33.6,39.6,16907,56,2.0,65
361,610239,Richard J Daley Elementary Academy,60609,ES,No,Weak,29.0,Weak,37.0,Average,46.0,Weak,50,Average,42,Weak,46,94.90%,44.2,96.00%,NDA,NDA,61,NEW CITY,61,11.9,29.0,23.0,41.5,38.9,12765,91,4.0,61
362,610102,Richard J Oglesby Elementary School,60620,ES,No,Average,44.0,Average,49.0,Average,49.0,Weak,43,Weak,32,Weak,46,94.40%,25.4,96.90%,NDA,NDA,71,AUBURN GRESHAM,71,4.0,27.6,28.3,18.5,41.9,15528,74,3.0,71
363,609702,Richard T Crane Technical Preparatory High School,60612,HS,No,Average,43.0,Average,50.0,Average,48.0,Weak,NDA,NDA,NDA,Average,47,57.90%,19.9,93.90%,48,32.6,28,NEAR WEST SIDE,28,3.8,20.6,10.7,9.6,22.2,44689,15,4.0,28
364,610234,Richard Yates Elementary School,60647,ES,No,Average,42.0,Strong,66.0,Strong,73.0,Weak,NDA,NDA,NDA,Average,51,93.70%,5.6,96.20%,NDA,NDA,22,LOGAN SQUARE,22,3.2,16.8,8.2,14.8,26.2,31908,23,2.0,22
365,609695,Roald Amundsen High School,60625,HS,No,Average,51.0,Average,43.0,Average,42.0,Weak,27,Average,41,Weak,43,81.10%,8.7,95.90%,64.6,49.1,4,LINCOLN SQUARE,4,3.4,10.9,8.2,13.4,25.5,37524,17,1.0,4
366,610350,Robert A Black Magnet Elementary School,60619,ES,No,Strong,68.0,Strong,63.0,Average,58.0,Weak,NDA,NDA,NDA,Strong,55,96.00%,0.4,93.70%,NDA,NDA,48,CALUMET HEIGHTS,48,2.1,11.5,20.0,11.0,44.0,28887,38,2.0,48
367,609906,Robert Emmet Elementary School,60644,ES,No,Weak,37.0,Strong,64.0,Strong,71.0,Weak,NDA,NDA,NDA,Average,51,89.80%,30.1,94.80%,NDA,NDA,25,AUSTIN,25,6.3,28.6,22.6,24.4,37.9,15957,73,11.0,25
368,609929,Robert Fulton Elementary School,60609,ES,No,Average,46.0,Strong,63.0,Strong,63.0,Weak,53,Weak,39,Weak,45,95.10%,10.1,96.80%,NDA,NDA,61,NEW CITY,61,11.9,29.0,23.0,41.5,38.9,12765,91,4.0,61
369,610045,Robert H Lawrence Elementary School,60617,ES,No,Very Weak,19.0,Average,40.0,Average,51.0,Weak,35,Weak,30,NDA,NDA,90.70%,14.0,95.30%,NDA,NDA,51,SOUTH DEERING,51,4.0,29.2,16.3,21.0,39.5,14685,65,2.0,51
370,610391,Robert Lindblom Math & Science Academy High School,60636,HS,No,Strong,66.0,Strong,75.0,Very Strong,85.0,Weak,NDA,NDA,NDA,Strong,55,92.70%,2.1,95.90%,68.9,85.9,67,WEST ENGLEWOOD,67,4.8,34.4,35.9,26.3,40.7,11317,89,3.0,67
371,610252,Robert Nathaniel Dett Elementary School,60612,ES,No,Average,48.0,Average,51.0,Strong,65.0,Weak,NDA,NDA,NDA,Average,51,94.40%,6.9,94.80%,NDA,NDA,28,NEAR WEST SIDE,28,3.8,20.6,10.7,9.6,22.2,44689,15,4.0,28
372,609759,Roberto Clemente Community Academy High School,60622,HS,No,Average,44.0,Weak,39.0,Weak,34.0,Weak,28,Weak,25,NDA,NDA,69.60%,20.6,94.20%,49.5,41.5,24,WEST TOWN,24,2.3,14.7,6.6,12.9,21.7,43198,10,3.0,24
373,610029,Rodolfo Lozano Bilingual & International Center Elementary School,60622,ES,No,Average,55.0,Weak,39.0,Weak,37.0,Weak,NDA,NDA,NDA,Weak,45,94.80%,0.9,96.20%,NDA,NDA,24,WEST TOWN,24,2.3,14.7,6.6,12.9,21.7,43198,10,3.0,24
374,609733,Roger C Sullivan High School,60626,HS,No,Weak,30.0,Weak,34.0,Weak,34.0,Weak,42,Weak,33,Weak,44,81.60%,14.7,95.80%,39.3,52.1,1,ROGERS PARK,1,7.7,23.6,8.7,18.2,27.5,23939,39,3.0,1
375,610091,Ronald Brown Elementary Community Academy,60628,ES,No,Weak,31.0,Average,52.0,Weak,33.0,Weak,48,Average,45,Average,52,93.80%,35.6,96.30%,NDA,NDA,53,WEST PULLMAN,53,3.3,25.9,19.4,20.5,42.1,16563,62,1.0,53
376,610282,Ronald E McNair Elementary School,60651,ES,No,Weak,31.0,Average,56.0,Average,59.0,Weak,32,Weak,20,Average,47,90.70%,52.8,96.50%,NDA,NDA,25,AUSTIN,25,6.3,28.6,22.6,24.4,37.9,15957,73,11.0,25
377,609826,Rosario Castellanos Elementary School,60623,ES,No,Weak,36.0,Weak,34.0,Weak,20.0,Weak,17,Weak,31,Weak,46,96.30%,24.3,96.90%,NDA,NDA,30,SOUTH LAWNDALE,30,15.2,30.7,15.8,54.8,33.8,10402,96,1.0,30
378,610056,Roswell B Mason Elementary School,60623,ES,No,Weak,37.0,Average,44.0,Average,58.0,Weak,50,Weak,36,Average,51,92.40%,31.0,95.00%,NDA,NDA,29,NORTH LAWNDALE,29,7.4,43.1,21.2,27.6,42.7,12034,87,6.0,29
379,610250,Rueben Salazar Elementary Bilingual Center,60610,ES,No,Strong,64.0,Average,54.0,Average,53.0,Weak,NDA,NDA,NDA,Average,52,95.10%,44.6,95.80%,NDA,NDA,8,NEAR NORTH SIDE,8,1.9,12.9,7.0,2.5,22.6,88669,1,8.0,8
380,609853,Salmon P Chase Elementary School,60647,ES,No,Average,55.0,Average,59.0,Weak,39.0,Weak,25,Weak,27,NDA,NDA,95.40%,18.5,95.80%,NDA,NDA,22,LOGAN SQUARE,22,3.2,16.8,8.2,14.8,26.2,31908,23,2.0,22
381,609943,Samuel Gompers Fine Arts Options Elementary School,60628,ES,No,Weak,34.0,Average,48.0,Average,52.0,Weak,57,Average,59,Average,49,93.60%,54.2,96.00%,NDA,NDA,53,WEST PULLMAN,53,3.3,25.9,19.4,20.5,42.1,16563,62,1.0,53
382,609805,Scott Joplin Elementary School,60620,ES,No,Weak,35.0,Average,44.0,Average,53.0,Weak,45,Weak,34,Average,52,95.00%,44.5,94.60%,NDA,NDA,71,AUBURN GRESHAM,71,4.0,27.6,28.3,18.5,41.9,15528,74,3.0,71
383,609968,Sharon Christa McAuliffe Elementary School,60647,ES,Yes,NDA,,NDA,,NDA,,Weak,NDA,NDA,NDA,Average,52,93.90%,14.2,95.70%,NDA,NDA,20,HERMOSA,20,6.9,20.5,13.1,41.6,36.4,15089,71,1.0,20
384,610157,Sidney Sawyer Elementary School,60632,ES,No,Average,57.0,Average,41.0,Weak,39.0,Weak,24,Weak,29,Average,49,96.80%,7.4,96.40%,NDA,NDA,63,GAGE PARK,63,15.8,23.4,18.2,51.5,38.8,12171,93,1.0,63
385,610283,Simon Guggenheim Elementary School,60621,ES,No,Weak,30.0,Weak,38.0,Weak,22.0,Weak,NDA,NDA,NDA,Average,48,90.90%,29.5,93.10%,NDA,NDA,68,ENGLEWOOD,68,3.8,46.6,28.0,28.5,42.5,11888,94,4.0,68
386,610521,Sir Miles Davis Magnet Elementary Academy,60636,ES,No,Weak,35.0,Average,51.0,Average,54.0,Weak,NDA,NDA,NDA,NDA,NDA,93.00%,57.8,94.50%,NDA,NDA,67,WEST ENGLEWOOD,67,4.8,34.4,35.9,26.3,40.7,11317,89,3.0,67
387,610534,Skinner North,60610,ES,No,NDA,,NDA,,NDA,,Weak,NDA,NDA,NDA,Strong,64,96.40%,0.0,97.80%,NDA,NDA,8,NEAR NORTH SIDE,8,1.9,12.9,7.0,2.5,22.6,88669,1,8.0,8
388,610226,Socorro Sandoval Elementary School,60629,ES,No,NDA,,NDA,,NDA,,Weak,NDA,NDA,NDA,Weak,44,95.80%,3.7,96.50%,NDA,NDA,63,GAGE PARK,63,15.8,23.4,18.2,51.5,38.8,12171,93,1.0,63
389,610160,Songhai Elementary Learning Institute,60628,ES,No,Very Weak,17.0,Average,47.0,Average,54.0,Weak,NDA,NDA,NDA,Weak,46,89.50%,84.7,95.40%,NDA,NDA,53,WEST PULLMAN,53,3.3,25.9,19.4,20.5,42.1,16563,62,1.0,53
390,610530,South Shore Fine Arts Academy,60637,ES,No,NDA,,NDA,,NDA,,Weak,NDA,NDA,NDA,Strong,56,93.60%,22.4,96.30%,NDA,NDA,43,SOUTH SHORE,43,2.8,31.1,20.0,14.0,35.7,19398,55,2.0,43
391,609745,Southside Occupational Academy High School,60636,HS,No,NDA,,NDA,,NDA,,Weak,47,Strong,60,Strong,63,85.50%,13.1,95.20%,71.7,NDA,67,WEST ENGLEWOOD,67,4.8,34.4,35.9,26.3,40.7,11317,89,3.0,67
392,610183,Spencer Technology Academy,60644,ES,No,Weak,35.0,Average,57.0,Strong,71.0,Weak,66,Average,56,Average,50,92.50%,24.1,96.00%,NDA,NDA,25,AUSTIN,25,6.3,28.6,22.6,24.4,37.9,15957,73,11.0,25
393,610357,Spry Community Links High School,60623,HS,No,Strong,70.0,Very Strong,92.0,Very Strong,87.0,Weak,NDA,NDA,NDA,Strong,56,95.60%,9.7,95.70%,73.7,65.2,30,SOUTH LAWNDALE,30,15.2,30.7,15.8,54.8,33.8,10402,96,1.0,30
394,609880,Stephen Decatur Classical Elementary School,60645,ES,No,Very Strong,99.0,Very Strong,99.0,Very Strong,99.0,Weak,99,Very Strong,99,Average,52,96.20%,2.8,95.40%,NDA,NDA,2,WEST RIDGE,2,7.8,17.2,8.8,20.8,38.5,23040,46,2.0,2
395,609933,Stephen F Gale Elementary Community Academy,60626,ES,No,Weak,39.0,Weak,35.0,Weak,27.0,Weak,33,Weak,29,Weak,45,92.10%,34.8,95.20%,NDA,NDA,1,ROGERS PARK,1,7.7,23.6,8.7,18.2,27.5,23939,39,3.0,1
396,609724,Stephen T Mather High School,60659,HS,No,Average,58.0,Average,48.0,Average,47.0,Weak,50,Average,56,NDA,NDA,87.60%,7.6,96.50%,56.2,57.4,2,WEST RIDGE,2,7.8,17.2,8.8,20.8,38.5,23040,46,2.0,2
397,610191,Stone Elementary Scholastic Academy,60659,ES,No,Strong,78.0,Average,55.0,Average,43.0,Weak,NDA,NDA,NDA,Strong,55,96.40%,1.9,96.00%,NDA,NDA,2,WEST RIDGE,2,7.8,17.2,8.8,20.8,38.5,23040,46,2.0,2
398,610405,Suder Montessori Magnet Elementary School,60612,ES,No,NDA,,NDA,,NDA,,Weak,NDA,NDA,NDA,NDA,NDA,96.60%,6.5,95.70%,NDA,NDA,28,NEAR WEST SIDE,28,3.8,20.6,10.7,9.6,22.2,44689,15,4.0,28
399,610249,Talman Elementary School,60632,ES,No,Very Strong,99.0,Very Strong,99.0,Very Strong,99.0,Weak,85,Very Strong,81,Strong,57,96.20%,9.2,95.50%,NDA,NDA,63,GAGE PARK,63,15.8,23.4,18.2,51.5,38.8,12171,93,1.0,63
400,610396,Tarkington School of Excellence Elementary School,60629,ES,No,Average,48.0,Weak,39.0,Average,40.0,Weak,NDA,NDA,NDA,Average,49,95.90%,10.5,96.60%,NDA,NDA,66,CHICAGO LAWN,66,7.6,27.9,17.1,31.2,40.6,13231,80,6.0,66
401,610506,TEAM Englewood Community Academy High School,60621,HS,No,Average,45.0,Average,55.0,Average,53.0,Weak,74,Strong,68,Strong,58,87.30%,8.2,96.50%,NDA,NDA,68,ENGLEWOOD,68,3.8,46.6,28.0,28.5,42.5,11888,94,4.0,68
402,609921,Telpochcalli Elementary School,60623,ES,No,Average,42.0,Very Weak,19.0,Weak,22.0,Weak,82,Strong,69,Strong,55,95.40%,2.7,94.70%,NDA,NDA,30,SOUTH LAWNDALE,30,15.2,30.7,15.8,54.8,33.8,10402,96,1.0,30
403,609991,Theodore Herzl Elementary School,60623,ES,No,Average,41.0,Average,53.0,Strong,65.0,Weak,NDA,NDA,NDA,NDA,NDA,90.80%,23.9,97.00%,NDA,NDA,29,NORTH LAWNDALE,29,7.4,43.1,21.2,27.6,42.7,12034,87,6.0,29
404,609728,Theodore Roosevelt High School,60625,HS,No,Average,42.0,Average,42.0,Weak,37.0,Weak,NDA,NDA,NDA,NDA,NDA,82.30%,9.7,96.10%,59.4,42.9,14,ALBANY PARK,14,11.3,19.2,10.0,32.9,32.0,21323,53,1.0,14
405,609794,Thomas A Edison Regional Gifted Center Elementary School,60625,ES,No,Very Strong,91.0,Strong,64.0,Average,56.0,Weak,NDA,NDA,NDA,Strong,55,96.60%,1.9,96.30%,NDA,NDA,14,ALBANY PARK,14,11.3,19.2,10.0,32.9,32.0,21323,53,1.0,14
406,609987,Thomas A Hendricks Elementary Community Academy,60609,ES,No,Weak,33.0,Strong,67.0,Strong,78.0,Weak,NDA,NDA,NDA,Average,51,91.20%,61.8,95.60%,NDA,NDA,37,FULLER PARK,37,3.2,51.2,33.9,26.6,44.9,10432,97,1.0,37
407,609851,Thomas Chalmers Specialty Elementary School,60608,ES,No,Weak,34.0,Weak,39.0,Average,45.0,Weak,88,Strong,78,NDA,NDA,94.40%,3.4,97.30%,NDA,NDA,29,NORTH LAWNDALE,29,7.4,43.1,21.2,27.6,42.7,12034,87,6.0,29
408,609896,Thomas Drummond Elementary School,60622,ES,No,Strong,72.0,Average,59.0,Average,46.0,Weak,NDA,NDA,NDA,Strong,58,95.20%,0.3,96.70%,NDA,NDA,22,LOGAN SQUARE,22,3.2,16.8,8.2,14.8,26.2,31908,23,2.0,22
409,610002,Thomas Hoyne Elementary School,60617,ES,No,Strong,67.0,Strong,77.0,Strong,73.0,Weak,67,Strong,66,NDA,NDA,94.80%,0.0,95.40%,NDA,NDA,48,CALUMET HEIGHTS,48,2.1,11.5,20.0,11.0,44.0,28887,38,2.0,48
410,610295,Thomas J Higgins Elementary Community Academy,60643,ES,No,NDA,,NDA,,NDA,,Weak,NDA,NDA,NDA,Average,49,95.20%,0.5,95.20%,NDA,NDA,53,WEST PULLMAN,53,3.3,25.9,19.4,20.5,42.1,16563,62,1.0,53
411,610220,Thomas J Waters Elementary School,60625,ES,No,Very Strong,85.0,Average,56.0,Average,54.0,Weak,NDA,NDA,NDA,Average,52,96.10%,0.4,95.10%,NDA,NDA,4,LINCOLN SQUARE,4,3.4,10.9,8.2,13.4,25.5,37524,17,1.0,4
412,609715,Thomas Kelly High School,60632,HS,No,Weak,36.0,Weak,36.0,Weak,35.0,Weak,61,Average,57,NDA,NDA,89.30%,5.8,95.30%,67.4,46.4,58,BRIGHTON PARK,58,14.4,23.6,13.9,45.1,39.3,13089,84,4.0,58
413,610321,Thurgood Marshall Middle School,60618,MS,No,Weak,39.0,Very Weak,11.0,Very Weak,1.0,Weak,NDA,NDA,NDA,NDA,NDA,94.00%,18.1,96.00%,NDA,NDA,16,IRVING PARK,16,6.3,13.1,10.0,22.4,31.6,27249,34,1.0,16
414,609895,Turner-Drew Elementary Language Academy,60620,ES,No,Average,56.0,Average,48.0,Average,51.0,Weak,75,Strong,66,NDA,NDA,95.80%,24.0,95.20%,NDA,NDA,49,ROSELAND,49,2.5,19.8,20.3,16.9,41.2,17949,52,2.0,49
415,610394,Uplift Community High School,60640,HS,No,Average,50.0,Strong,61.0,Strong,62.0,Weak,48,Average,53,NDA,NDA,88.70%,8.1,95.90%,62.4,65,3,UPTOWN,3,3.8,24.0,8.9,11.8,22.2,35787,20,4.0,3
416,610504,Velma F Thomas Early Childhood Center,60609,ES,No,NDA,,NDA,,NDA,,Weak,NDA,NDA,NDA,Strong,55,,0.0,95.60%,NDA,NDA,59,MCKINLEY PARK,59,7.2,18.7,13.4,32.9,35.6,16954,61,1.0,59
417,609989,Victor Herbert Elementary School,60612,ES,No,Average,50.0,Strong,64.0,Strong,72.0,Weak,48,Average,50,Average,50,92.80%,10.3,96.20%,NDA,NDA,28,NEAR WEST SIDE,28,3.8,20.6,10.7,9.6,22.2,44689,15,4.0,28
418,609944,Virgil Grissom Elementary School,60633,ES,No,Strong,62.0,Average,51.0,Strong,64.0,Weak,69,Very Strong,87,NDA,NDA,95.50%,2.5,96.40%,NDA,NDA,55,HEGEWISCH,55,3.3,17.1,9.6,19.2,42.9,22677,44,1.0,55
419,610518,VOISE Academy High School,60644,HS,No,Average,42.0,Average,52.0,Average,52.0,Weak,NDA,NDA,NDA,NDA,NDA,84.50%,25.0,96.50%,NDA,NDA,25,AUSTIN,25,6.3,28.6,22.6,24.4,37.9,15957,73,11.0,25
420,610363,Walt Disney Magnet Elementary School,60613,ES,No,NDA,,NDA,,NDA,,Weak,NDA,NDA,NDA,NDA,NDA,96.40%,7.7,96.40%,NDA,NDA,3,UPTOWN,3,3.8,24.0,8.9,11.8,22.2,35787,20,4.0,3
421,610095,Walter L Newberry Math & Science Academy Elementary School,60614,ES,No,Strong,71.0,Average,52.0,Strong,66.0,Weak,41,Average,44,Strong,54,95.10%,2.1,96.30%,NDA,NDA,7,LINCOLN PARK,7,0.8,12.3,5.1,3.6,21.5,71551,2,3.0,7
422,609680,Walter Payton College Preparatory High School,60610,HS,No,Very Strong,98.0,Very Strong,80.0,Strong,77.0,Weak,NDA,NDA,NDA,NDA,NDA,93.40%,0.7,96.10%,96.9,82.4,8,NEAR NORTH SIDE,8,1.9,12.9,7.0,2.5,22.6,88669,1,8.0,8
423,609955,Walter Q Gresham Elementary School,60620,ES,No,Weak,25.0,Very Weak,7.0,Very Weak,11.0,Weak,68,Average,57,Average,48,95.50%,35.4,95.00%,NDA,NDA,71,AUBURN GRESHAM,71,4.0,27.6,28.3,18.5,41.9,15528,74,3.0,71
424,610264,Walter Reed Elementary School,60621,ES,No,Weak,29.0,Strong,62.0,Strong,68.0,Weak,NDA,NDA,NDA,Average,47,92.40%,75.5,93.20%,NDA,NDA,68,ENGLEWOOD,68,3.8,46.6,28.0,28.5,42.5,11888,94,4.0,68
425,609855,Walter S Christopher Elementary School,60632,ES,No,NDA,,NDA,,NDA,,Weak,72,Strong,64,Average,52,86.10%,4.0,94.10%,NDA,NDA,63,GAGE PARK,63,15.8,23.4,18.2,51.5,38.8,12171,93,1.0,63
426,610179,Washington D Smyser Elementary School,60634,ES,No,Average,55.0,Average,43.0,Average,45.0,Weak,NDA,NDA,NDA,NDA,NDA,95.50%,4.9,97.20%,NDA,NDA,15,PORTAGE PARK,15,4.1,11.6,12.6,19.3,34.0,24336,35,1.0,15
427,610121,Washington Irving Elementary School,60612,ES,No,Average,43.0,Weak,34.0,Average,44.0,Weak,NDA,NDA,NDA,Average,48,95.60%,15.1,95.90%,NDA,NDA,28,NEAR WEST SIDE,28,3.8,20.6,10.7,9.6,22.2,44689,15,4.0,28
428,609740,Wells Community Academy High School,60622,HS,No,Average,51.0,Average,41.0,Weak,38.0,Weak,65,Average,49,NDA,NDA,74.10%,16.9,96.20%,59.3,43.8,24,WEST TOWN,24,2.3,14.7,6.6,12.9,21.7,43198,10,3.0,24
429,609727,Wendell Phillips Academy High School,60653,HS,No,NDA,,NDA,,NDA,,Weak,80,Strong,79,NDA,NDA,63.00%,22.0,96.10%,40.3,42.6,35,DOUGLAS,35,1.8,29.6,18.2,14.3,30.7,23791,47,3.0,35
430,610100,West Park Elementary Academy,60651,ES,No,Weak,29.0,Weak,36.0,Average,40.0,Weak,NDA,NDA,NDA,Weak,46,93.70%,16.3,96.70%,NDA,NDA,23,HUMBOLDT PARK,23,14.8,33.9,17.3,35.4,38.0,13781,85,7.0,23
431,610224,West Pullman Elementary School,60628,ES,No,Weak,23.0,Average,55.0,Average,47.0,Weak,57,Average,50,Average,47,91.20%,7.6,93.80%,NDA,NDA,53,WEST PULLMAN,53,3.3,25.9,19.4,20.5,42.1,16563,62,1.0,53
432,610542,West Ridge Elementary School,60645,ES,No,Strong,67.0,Average,41.0,Weak,28.0,Weak,NDA,NDA,NDA,Weak,46,94.90%,6.8,0.00%,NDA,NDA,2,WEST RIDGE,2,7.8,17.2,8.8,20.8,38.5,23040,46,2.0,2
433,609755,Whitney M Young Magnet High School,60607,HS,No,Very Strong,95.0,Strong,69.0,Strong,67.0,Weak,52,Average,46,Average,53,94.60%,1.2,94.90%,93.9,88.3,28,NEAR WEST SIDE,28,3.8,20.6,10.7,9.6,22.2,44689,15,4.0,28
434,610251,Willa Cather Elementary School,60612,ES,No,Strong,69.0,Strong,78.0,Very Strong,81.0,Weak,62,Very Strong,83,Strong,56,94.90%,29.5,96.40%,NDA,NDA,27,EAST GARFIELD PARK,27,8.2,42.4,19.6,21.3,43.2,12961,83,3.0,27
435,610109,William Bishop Owen Scholastic Academy Elementary School,60652,ES,No,Average,49.0,Weak,39.0,Average,56.0,Weak,51,Average,47,Strong,58,96.90%,1.2,95.00%,NDA,NDA,70,ASHBURN,70,4.0,10.4,11.7,17.7,36.9,23482,37,4.0,70
436,610101,William B Ogden Elementary School,60610,ES,No,NDA,,NDA,,NDA,,Weak,NDA,NDA,NDA,NDA,NDA,95.10%,4.5,97.00%,NDA,NDA,8,NEAR NORTH SIDE,8,1.9,12.9,7.0,2.5,22.6,88669,1,8.0,8
437,609945,William C Goudy Elementary School,60640,ES,No,Strong,70.0,Strong,74.0,Strong,61.0,Weak,65,Average,52,NDA,NDA,96.10%,6.0,95.80%,NDA,NDA,3,UPTOWN,3,3.8,24.0,8.9,11.8,22.2,35787,20,4.0,3
438,610364,William E B Dubois Elementary School,60827,ES,No,Average,47.0,Weak,33.0,Average,42.0,Weak,NDA,NDA,NDA,Average,50,93.30%,48.5,94.40%,NDA,NDA,54,RIVERDALE,54,5.8,56.5,34.6,27.5,51.5,8201,98,1.0,54
439,609967,William F Finkl Elementary School,60608,ES,No,Average,56.0,Average,50.0,Average,52.0,Weak,41,Average,56,Average,49,95.20%,6.7,96.90%,NDA,NDA,31,LOWER WEST SIDE,31,9.6,25.8,15.8,40.7,32.6,16444,76,3.0,31
440,609994,William G Hibbard Elementary School,60625,ES,No,NDA,,NDA,,NDA,,Weak,NDA,NDA,NDA,Average,49,96.50%,3.0,96.90%,NDA,NDA,14,ALBANY PARK,14,11.3,19.2,10.0,32.9,32.0,21323,53,1.0,14
441,609812,William H Brown Elementary School,60612,ES,No,Weak,36.0,Average,58.0,Strong,78.0,Weak,74,Strong,73,Weak,46,92.80%,59.0,94.70%,NDA,NDA,28,NEAR WEST SIDE,28,3.8,20.6,10.7,9.6,22.2,44689,15,4.0,28
442,610023,William H King Elementary School,60612,ES,No,Average,47.0,Average,44.0,Average,47.0,Weak,NDA,NDA,NDA,NDA,NDA,92.40%,17.7,95.10%,NDA,NDA,28,NEAR WEST SIDE,28,3.8,20.6,10.7,9.6,22.2,44689,15,4.0,28
443,610136,William H Prescott Elementary School,60614,ES,No,Very Strong,90.0,Average,51.0,Weak,24.0,Weak,NDA,NDA,NDA,Average,50,93.50%,73.9,97.60%,NDA,NDA,7,LINCOLN PARK,7,0.8,12.3,5.1,3.6,21.5,71551,2,3.0,7
444,610153,William H Ryder Math & Science Specialty Elementary School,60620,ES,No,Weak,34.0,Average,42.0,Average,50.0,Weak,NDA,NDA,NDA,NDA,NDA,93.00%,22.5,94.30%,NDA,NDA,71,AUBURN GRESHAM,71,4.0,27.6,28.3,18.5,41.9,15528,74,3.0,71
445,610167,William H Seward Communication Arts Academy Elementary School,60609,ES,No,Average,40.0,Weak,38.0,Average,41.0,Weak,66,Strong,63,Average,49,95.70%,14.4,95.70%,NDA,NDA,61,NEW CITY,61,11.9,29.0,23.0,41.5,38.9,12765,91,4.0,61
446,609698,William J Bogan High School,60652,HS,No,Weak,20.0,Very Weak,18.0,Weak,29.0,Weak,NDA,NDA,NDA,Weak,41,75.20%,5.8,94.30%,52.5,50,70,ASHBURN,70,4.0,10.4,11.7,17.7,36.9,23482,37,4.0,70
447,610061,William J & Charles H Mayo Elementary School,60653,ES,No,Average,52.0,Strong,62.0,Strong,65.0,Weak,52,Average,47,Average,50,95.30%,26.0,95.20%,NDA,NDA,35,DOUGLAS,35,1.8,29.6,18.2,14.3,30.7,23791,47,3.0,35
448,609678,William Jones College Preparatory High School,60605,HS,No,Very Strong,92.0,Strong,64.0,Strong,67.0,Weak,NDA,NDA,NDA,NDA,NDA,93.80%,4.5,95.30%,90.1,86.9,32,LOOP,32,1.5,14.7,5.7,3.1,13.5,65526,3,3.0,32
449,610193,William K New Sullivan Elementary School,60617,ES,No,Weak,27.0,Weak,35.0,Average,40.0,Weak,58,Weak,33,Average,47,90.30%,27.3,94.00%,NDA,NDA,46,SOUTH CHICAGO,46,4.7,29.8,19.7,26.6,41.1,16579,75,3.0,46
450,610123,William Penn Elementary School,60623,ES,No,Strong,78.0,Very Strong,99.0,Very Strong,99.0,Weak,NDA,NDA,NDA,Average,52,91.80%,5.7,95.20%,NDA,NDA,29,NORTH LAWNDALE,29,7.4,43.1,21.2,27.6,42.7,12034,87,6.0,29
451,609949,William P Gray Elementary School,60641,ES,No,Average,57.0,Average,44.0,Weak,35.0,Weak,NDA,NDA,NDA,Average,47,95.60%,5.9,95.90%,NDA,NDA,15,PORTAGE PARK,15,4.1,11.6,12.6,19.3,34.0,24336,35,1.0,15
452,610097,William P Nixon Elementary School,60639,ES,No,Average,52.0,Strong,70.0,Strong,62.0,Weak,NDA,NDA,NDA,Weak,46,95.60%,3.5,95.80%,NDA,NDA,20,HERMOSA,20,6.9,20.5,13.1,41.6,36.4,15089,71,1.0,20
453,609711,William Rainey Harper High School,60636,HS,No,Weak,22.0,Weak,39.0,Average,42.0,Weak,31,Weak,31,Average,49,73.00%,63.6,94.70%,37,40.3,67,WEST ENGLEWOOD,67,4.8,34.4,35.9,26.3,40.7,11317,89,3.0,67
454,610232,Williams Multiplex Elementary School,60616,ES,No,NDA,,NDA,,NDA,,Weak,NDA,NDA,NDA,Average,50,91.60%,17.0,95.90%,NDA,NDA,35,DOUGLAS,35,1.8,29.6,18.2,14.3,30.7,23791,47,3.0,35
455,610336,Williams Preparatory Academy Middle School,60616,MS,No,Average,49.0,Average,42.0,Average,48.0,Weak,NDA,NDA,NDA,Average,53,93.30%,14.8,92.40%,NDA,NDA,35,DOUGLAS,35,1.8,29.6,18.2,14.3,30.7,23791,47,3.0,35
456,610172,William T Sherman Elementary School,60609,ES,No,Weak,32.0,Average,46.0,Average,55.0,Weak,NDA,NDA,NDA,Average,49,92.30%,230.6,95.00%,NDA,NDA,61,NEW CITY,61,11.9,29.0,23.0,41.5,38.9,12765,91,4.0,61
457,610088,Wolfgang A Mozart Elementary School,60647,ES,No,Average,41.0,Average,56.0,Weak,32.0,Weak,NDA,NDA,NDA,Average,50,95.20%,3.6,96.40%,NDA,NDA,22,LOGAN SQUARE,22,3.2,16.8,8.2,14.8,26.2,31908,23,2.0,22
458,609977,Woodlawn Community Elementary School,60637,ES,No,Strong,70.0,Very Strong,80.0,Strong,66.0,Weak,NDA,NDA,NDA,Strong,59,93.90%,12.4,94.30%,NDA,NDA,42,WOODLAWN,42,2.9,30.7,23.4,16.5,36.1,18672,58,4.0,42
459,610392,World Language Academy High School,60623,HS,No,Average,51.0,Average,49.0,Average,47.0,Weak,49,Average,49,Average,50,91.60%,4.0,96.00%,69.4,48.1,30,SOUTH LAWNDALE,30,15.2,30.7,15.8,54.8,33.8,10402,96,1.0,30
